bat_num,temp,profile,U_start_V,U_end_V,file_name
1,+25,impulse_72_s,4.11093,4.10372,1_+25_impulse_72_s_01.csv
1,+25,impulse_144_s,4.10372,4.09365,1_+25_impulse_144_s_02.csv
1,+25,impulse_288_s,4.09365,4.0794,1_+25_impulse_288_s_03.csv
1,+25,impulse_72_s,4.0794,4.07487,1_+25_impulse_72_s_04.csv
1,+25,impulse_144_s,4.07487,4.06139,1_+25_impulse_144_s_05.csv
1,+25,impulse_288_s,4.06139,4.02098,1_+25_impulse_288_s_06.csv
1,+25,impulse_72_s,4.02098,4.009639999999999,1_+25_impulse_72_s_07.csv
1,+25,impulse_144_s,4.009639999999999,3.9868900000000003,1_+25_impulse_144_s_08.csv
1,+25,impulse_288_s,3.9868900000000003,3.9468000000000005,1_+25_impulse_288_s_09.csv
1,+25,impulse_72_s,3.9468000000000005,3.9380700000000006,1_+25_impulse_72_s_10.csv
1,+25,impulse_144_s,3.9380700000000006,3.9216299999999995,1_+25_impulse_144_s_11.csv
1,+25,impulse_288_s,3.9216299999999995,3.89123,1_+25_impulse_288_s_12.csv
1,+25,impulse_72_s,3.89123,3.88358,1_+25_impulse_72_s_13.csv
1,+25,impulse_144_s,3.88358,3.86684,1_+25_impulse_144_s_14.csv
1,+25,impulse_288_s,3.86684,3.8172200000000003,1_+25_impulse_288_s_15.csv
1,+25,impulse_72_s,3.8172200000000003,3.7961000000000005,1_+25_impulse_72_s_16.csv
1,+25,impulse_144_s,3.7961000000000005,3.77006,1_+25_impulse_144_s_17.csv
1,+25,impulse_288_s,3.77006,3.72767,1_+25_impulse_288_s_18.csv
1,+25,impulse_72_s,3.72767,3.71766,1_+25_impulse_72_s_19.csv
1,+25,impulse_144_s,3.71766,3.69876,1_+25_impulse_144_s_20.csv
1,+25,impulse_288_s,3.69876,3.6665900000000002,1_+25_impulse_288_s_21.csv
1,+25,impulse_72_s,3.6665900000000002,3.6598299999999995,1_+25_impulse_72_s_22.csv
1,+25,impulse_144_s,3.6598299999999995,3.6470700000000003,1_+25_impulse_144_s_23.csv
1,+25,impulse_288_s,3.6470700000000003,3.62465,1_+25_impulse_288_s_24.csv
1,+25,impulse_72_s,3.62465,3.61928,1_+25_impulse_72_s_25.csv
1,+25,impulse_144_s,3.61928,3.60804,1_+25_impulse_144_s_26.csv
1,+25,impulse_288_s,3.60804,3.57429,1_+25_impulse_288_s_27.csv
1,+25,UDDS,4.117360000000001,3.97511,1_+25_UDDS_01.csv
1,+25,UDDS,3.97511,3.7793000000000005,1_+25_UDDS_02.csv
1,+25,UDDS,3.7793000000000005,3.6217699999999993,1_+25_UDDS_03.csv
1,+25,NEDC,4.111970000000001,3.9563699999999997,1_+25_NEDC_01.csv
1,+25,NEDC,3.9563699999999997,3.74337,1_+25_NEDC_02.csv
1,+25,NEDC,3.74337,3.59161,1_+25_NEDC_03.csv
1,+25,WLTC,4.11237,3.90169,1_+25_WLTC_01.csv
1,+25,WLTC,3.90169,3.6801600000000008,1_+25_WLTC_02.csv
1,+25,WLTC,3.6801600000000008,3.5291200000000003,1_+25_WLTC_03.csv
2,+25,impulse_72_s,4.1051899999999995,4.0984,2_+25_impulse_72_s_01.csv
2,+25,impulse_144_s,4.0984,4.088089999999999,2_+25_impulse_144_s_02.csv
2,+25,impulse_288_s,4.088089999999999,4.0741700000000005,2_+25_impulse_288_s_03.csv
2,+25,impulse_72_s,4.0741700000000005,4.07046,2_+25_impulse_72_s_04.csv
2,+25,impulse_144_s,4.07046,4.057049999999999,2_+25_impulse_144_s_05.csv
2,+25,impulse_288_s,4.057049999999999,4.013540000000001,2_+25_impulse_288_s_06.csv
2,+25,impulse_72_s,4.013540000000001,4.001810000000001,2_+25_impulse_72_s_07.csv
2,+25,impulse_144_s,4.001810000000001,3.97726,2_+25_impulse_144_s_08.csv
2,+25,impulse_288_s,3.97726,3.9355199999999995,2_+25_impulse_288_s_09.csv
2,+25,impulse_72_s,3.9355199999999995,3.92677,2_+25_impulse_72_s_10.csv
2,+25,impulse_144_s,3.92677,3.9096399999999996,2_+25_impulse_144_s_11.csv
2,+25,impulse_288_s,3.9096399999999996,3.86446,2_+25_impulse_288_s_12.csv
2,+25,impulse_72_s,3.86446,3.85006,2_+25_impulse_72_s_13.csv
2,+25,impulse_144_s,3.85006,3.8252800000000002,2_+25_impulse_144_s_14.csv
2,+25,impulse_288_s,3.8252800000000002,3.7832699999999995,2_+25_impulse_288_s_15.csv
2,+25,impulse_72_s,3.7832699999999995,3.7728699999999997,2_+25_impulse_72_s_16.csv
2,+25,impulse_144_s,3.7728699999999997,3.7519400000000003,2_+25_impulse_144_s_17.csv
2,+25,impulse_288_s,3.7519400000000003,3.70995,2_+25_impulse_288_s_18.csv
2,+25,impulse_72_s,3.70995,3.69996,2_+25_impulse_72_s_19.csv
2,+25,impulse_144_s,3.69996,3.6812499999999995,2_+25_impulse_144_s_20.csv
2,+25,impulse_288_s,3.6812499999999995,3.64895,2_+25_impulse_288_s_21.csv
2,+25,impulse_72_s,3.64895,3.6419000000000006,2_+25_impulse_72_s_22.csv
2,+25,impulse_144_s,3.6419000000000006,3.6266400000000005,2_+25_impulse_144_s_23.csv
2,+25,impulse_288_s,3.6266400000000005,3.58763,2_+25_impulse_288_s_24.csv
2,+25,impulse_72_s,3.58763,3.5764400000000003,2_+25_impulse_72_s_25.csv
2,+25,impulse_144_s,3.5764400000000003,3.5564,2_+25_impulse_144_s_26.csv
2,+25,impulse_288_s,3.5564,3.5116300000000003,2_+25_impulse_288_s_27.csv
2,+25,UDDS,4.10113,3.9485000000000006,2_+25_UDDS_01.csv
2,+25,UDDS,3.9485000000000006,3.7396299999999996,2_+25_UDDS_02.csv
2,+25,UDDS,3.7396299999999996,3.5665800000000005,2_+25_UDDS_03.csv
2,+25,NEDC,4.10448,3.94053,2_+25_NEDC_01.csv
2,+25,NEDC,3.94053,3.7181100000000002,2_+25_NEDC_02.csv
2,+25,NEDC,3.7181100000000002,3.52918,2_+25_NEDC_03.csv
2,+25,WLTC,4.10469,3.8782900000000007,2_+25_WLTC_01.csv
2,+25,WLTC,3.8782900000000007,3.65651,2_+25_WLTC_02.csv
2,+25,WLTC,3.65651,3.4576000000000002,2_+25_WLTC_03.csv
3,+25,impulse_72_s,4.10345,4.096889999999999,3_+25_impulse_72_s_01.csv
3,+25,impulse_144_s,4.096889999999999,4.08699,3_+25_impulse_144_s_02.csv
3,+25,impulse_288_s,4.08699,4.073570000000001,3_+25_impulse_288_s_03.csv
3,+25,impulse_72_s,4.073570000000001,4.06996,3_+25_impulse_72_s_04.csv
3,+25,impulse_144_s,4.06996,4.0569299999999995,3_+25_impulse_144_s_05.csv
3,+25,impulse_288_s,4.0569299999999995,4.0139900000000015,3_+25_impulse_288_s_06.csv
3,+25,impulse_72_s,4.0139900000000015,4.0025900000000005,3_+25_impulse_72_s_07.csv
3,+25,impulse_144_s,4.0025900000000005,3.979,3_+25_impulse_144_s_08.csv
3,+25,impulse_288_s,3.979,3.9378300000000004,3_+25_impulse_288_s_09.csv
3,+25,impulse_72_s,3.9378300000000004,3.9291399999999994,3_+25_impulse_72_s_10.csv
3,+25,impulse_144_s,3.9291399999999994,3.91237,3_+25_impulse_144_s_11.csv
3,+25,impulse_288_s,3.91237,3.87287,3_+25_impulse_288_s_12.csv
3,+25,impulse_72_s,3.87287,3.8603899999999998,3_+25_impulse_72_s_13.csv
3,+25,impulse_144_s,3.8603899999999998,3.8324800000000003,3_+25_impulse_144_s_14.csv
3,+25,impulse_288_s,3.8324800000000003,3.7865500000000005,3_+25_impulse_288_s_15.csv
3,+25,impulse_72_s,3.7865500000000005,3.7755,3_+25_impulse_72_s_16.csv
3,+25,impulse_144_s,3.7755,3.75432,3_+25_impulse_144_s_17.csv
3,+25,impulse_288_s,3.75432,3.7125500000000002,3_+25_impulse_288_s_18.csv
3,+25,impulse_72_s,3.7125500000000002,3.70251,3_+25_impulse_72_s_19.csv
3,+25,impulse_144_s,3.70251,3.68381,3_+25_impulse_144_s_20.csv
3,+25,impulse_288_s,3.68381,3.6516400000000004,3_+25_impulse_288_s_21.csv
3,+25,impulse_72_s,3.6516400000000004,3.6446499999999995,3_+25_impulse_72_s_22.csv
3,+25,impulse_144_s,3.6446499999999995,3.6305199999999997,3_+25_impulse_144_s_23.csv
3,+25,impulse_288_s,3.6305199999999997,3.5979300000000003,3_+25_impulse_288_s_24.csv
3,+25,impulse_72_s,3.5979300000000003,3.58705,3_+25_impulse_72_s_25.csv
3,+25,impulse_144_s,3.58705,3.5674800000000007,3_+25_impulse_144_s_26.csv
3,+25,impulse_288_s,3.5674800000000007,3.52513,3_+25_impulse_288_s_27.csv
3,+25,UDDS,4.09919,3.9493999999999994,3_+25_UDDS_01.csv
3,+25,UDDS,3.9493999999999994,3.74131,3_+25_UDDS_02.csv
3,+25,UDDS,3.74131,3.5766800000000005,3_+25_UDDS_03.csv
3,+25,NEDC,4.10232,3.94063,3_+25_NEDC_01.csv
3,+25,NEDC,3.94063,3.71929,3_+25_NEDC_02.csv
3,+25,NEDC,3.71929,3.54191,3_+25_NEDC_03.csv
3,+25,WLTC,4.10225,3.87887,3_+25_WLTC_01.csv
3,+25,WLTC,3.87887,3.6565199999999995,3_+25_WLTC_02.csv
3,+25,WLTC,3.6565199999999995,3.4656,3_+25_WLTC_03.csv
4,+25,impulse_72_s,4.113100000000001,4.105790000000001,4_+25_impulse_72_s_01.csv
4,+25,impulse_144_s,4.105790000000001,4.0953100000000004,4_+25_impulse_144_s_02.csv
4,+25,impulse_288_s,4.0953100000000004,4.08016,4_+25_impulse_288_s_03.csv
4,+25,impulse_72_s,4.08016,4.07559,4_+25_impulse_72_s_04.csv
4,+25,impulse_144_s,4.07559,4.0625,4_+25_impulse_144_s_05.csv
4,+25,impulse_288_s,4.0625,4.02414,4_+25_impulse_288_s_06.csv
4,+25,impulse_72_s,4.02414,4.01332,4_+25_impulse_72_s_07.csv
4,+25,impulse_144_s,4.01332,3.9912400000000003,4_+25_impulse_144_s_08.csv
4,+25,impulse_288_s,3.9912400000000003,3.9509499999999997,4_+25_impulse_288_s_09.csv
4,+25,impulse_72_s,3.9509499999999997,3.9419899999999997,4_+25_impulse_72_s_10.csv
4,+25,impulse_144_s,3.9419899999999997,3.92509,4_+25_impulse_144_s_11.csv
4,+25,impulse_288_s,3.92509,3.8936100000000002,4_+25_impulse_288_s_12.csv
4,+25,impulse_72_s,3.8936100000000002,3.88594,4_+25_impulse_72_s_13.csv
4,+25,impulse_144_s,3.88594,3.86893,4_+25_impulse_144_s_14.csv
4,+25,impulse_288_s,3.86893,3.82117,4_+25_impulse_288_s_15.csv
4,+25,impulse_72_s,3.82117,3.80234,4_+25_impulse_72_s_16.csv
4,+25,impulse_144_s,3.80234,3.7772799999999997,4_+25_impulse_144_s_17.csv
4,+25,impulse_288_s,3.7772799999999997,3.73677,4_+25_impulse_288_s_18.csv
4,+25,impulse_72_s,3.73677,3.727009999999999,4_+25_impulse_72_s_19.csv
4,+25,impulse_144_s,3.727009999999999,3.7084099999999998,4_+25_impulse_144_s_20.csv
4,+25,impulse_288_s,3.7084099999999998,3.67592,4_+25_impulse_288_s_21.csv
4,+25,impulse_72_s,3.67592,3.6689599999999998,4_+25_impulse_72_s_22.csv
4,+25,impulse_144_s,3.6689599999999998,3.6559600000000003,4_+25_impulse_144_s_23.csv
4,+25,impulse_288_s,3.6559600000000003,3.63314,4_+25_impulse_288_s_24.csv
4,+25,impulse_72_s,3.63314,3.6275800000000005,4_+25_impulse_72_s_25.csv
4,+25,impulse_144_s,3.6275800000000005,3.6162,4_+25_impulse_144_s_26.csv
4,+25,impulse_288_s,3.6162,3.5843499999999997,4_+25_impulse_288_s_27.csv
4,+25,UDDS,4.1181,3.9759,4_+25_UDDS_01.csv
4,+25,UDDS,3.9759,3.78542,4_+25_UDDS_02.csv
4,+25,UDDS,3.78542,3.6289799999999994,4_+25_UDDS_03.csv
4,+25,NEDC,4.11219,3.95646,4_+25_NEDC_01.csv
4,+25,NEDC,3.95646,3.74869,4_+25_NEDC_02.csv
4,+25,NEDC,3.74869,3.5998999999999994,4_+25_NEDC_03.csv
4,+25,WLTC,4.11243,3.90146,4_+25_WLTC_01.csv
4,+25,WLTC,3.90146,3.68675,4_+25_WLTC_02.csv
4,+25,WLTC,3.68675,3.53949,4_+25_WLTC_03.csv
5,+25,impulse_72_s,4.11295,4.105790000000001,5_+25_impulse_72_s_01.csv
5,+25,impulse_144_s,4.105790000000001,4.095389999999999,5_+25_impulse_144_s_02.csv
5,+25,impulse_288_s,4.095389999999999,4.0802499999999995,5_+25_impulse_288_s_03.csv
5,+25,impulse_72_s,4.0802499999999995,4.07558,5_+25_impulse_72_s_04.csv
5,+25,impulse_144_s,4.07558,4.0625,5_+25_impulse_144_s_05.csv
5,+25,impulse_288_s,4.0625,4.0242,5_+25_impulse_288_s_06.csv
5,+25,impulse_72_s,4.0242,4.01347,5_+25_impulse_72_s_07.csv
5,+25,impulse_144_s,4.01347,3.9913799999999995,5_+25_impulse_144_s_08.csv
5,+25,impulse_288_s,3.9913799999999995,3.95124,5_+25_impulse_288_s_09.csv
5,+25,impulse_72_s,3.95124,3.9423600000000008,5_+25_impulse_72_s_10.csv
5,+25,impulse_144_s,3.9423600000000008,3.92549,5_+25_impulse_144_s_11.csv
5,+25,impulse_288_s,3.92549,3.8941199999999996,5_+25_impulse_288_s_12.csv
5,+25,impulse_72_s,3.8941199999999996,3.8865299999999996,5_+25_impulse_72_s_13.csv
5,+25,impulse_144_s,3.8865299999999996,3.8695999999999997,5_+25_impulse_144_s_14.csv
5,+25,impulse_288_s,3.8695999999999997,3.8235599999999996,5_+25_impulse_288_s_15.csv
5,+25,impulse_72_s,3.8235599999999996,3.8045699999999996,5_+25_impulse_72_s_16.csv
5,+25,impulse_144_s,3.8045699999999996,3.7783,5_+25_impulse_144_s_17.csv
5,+25,impulse_288_s,3.7783,3.737519999999999,5_+25_impulse_288_s_18.csv
5,+25,impulse_72_s,3.737519999999999,3.72778,5_+25_impulse_72_s_19.csv
5,+25,impulse_144_s,3.72778,3.7091000000000003,5_+25_impulse_144_s_20.csv
5,+25,impulse_288_s,3.7091000000000003,3.6765999999999996,5_+25_impulse_288_s_21.csv
5,+25,impulse_72_s,3.6765999999999996,3.66969,5_+25_impulse_72_s_22.csv
5,+25,impulse_144_s,3.66969,3.6565799999999995,5_+25_impulse_144_s_23.csv
5,+25,impulse_288_s,3.6565799999999995,3.6336999999999997,5_+25_impulse_288_s_24.csv
5,+25,impulse_72_s,3.6336999999999997,3.6281799999999995,5_+25_impulse_72_s_25.csv
5,+25,impulse_144_s,3.6281799999999995,3.61689,5_+25_impulse_144_s_26.csv
5,+25,impulse_288_s,3.61689,3.5856700000000004,5_+25_impulse_288_s_27.csv
5,+25,UDDS,4.11795,3.97607,5_+25_UDDS_01.csv
5,+25,UDDS,3.97607,3.7867000000000006,5_+25_UDDS_02.csv
5,+25,UDDS,3.7867000000000006,3.6295900000000003,5_+25_UDDS_03.csv
5,+25,NEDC,4.112209999999999,3.95693,5_+25_NEDC_01.csv
5,+25,NEDC,3.95693,3.749719999999999,5_+25_NEDC_02.csv
5,+25,NEDC,3.749719999999999,3.6010900000000006,5_+25_NEDC_03.csv
5,+25,WLTC,4.112499999999999,3.90215,5_+25_WLTC_01.csv
5,+25,WLTC,3.90215,3.6876000000000007,5_+25_WLTC_02.csv
5,+25,WLTC,3.6876000000000007,3.5408,5_+25_WLTC_03.csv
1,+30,impulse_72_s,4.11242,4.10518,1_+30_impulse_72_s_01.csv
1,+30,impulse_144_s,4.10518,4.0949100000000005,1_+30_impulse_144_s_02.csv
1,+30,impulse_288_s,4.0949100000000005,4.080749999999999,1_+30_impulse_288_s_03.csv
1,+30,impulse_72_s,4.080749999999999,4.07648,1_+30_impulse_72_s_04.csv
1,+30,impulse_144_s,4.07648,4.06342,1_+30_impulse_144_s_05.csv
1,+30,impulse_288_s,4.06342,4.023619999999999,1_+30_impulse_288_s_06.csv
1,+30,impulse_72_s,4.023619999999999,4.01241,1_+30_impulse_72_s_07.csv
1,+30,impulse_144_s,4.01241,3.98986,1_+30_impulse_144_s_08.csv
1,+30,impulse_288_s,3.98986,3.94942,1_+30_impulse_288_s_09.csv
1,+30,impulse_72_s,3.94942,3.9405600000000005,1_+30_impulse_72_s_10.csv
1,+30,impulse_144_s,3.9405600000000005,3.9240000000000004,1_+30_impulse_144_s_11.csv
1,+30,impulse_288_s,3.9240000000000004,3.8935300000000006,1_+30_impulse_288_s_12.csv
1,+30,impulse_72_s,3.8935300000000006,3.8856399999999995,1_+30_impulse_72_s_13.csv
1,+30,impulse_144_s,3.8856399999999995,3.8688100000000007,1_+30_impulse_144_s_14.csv
1,+30,impulse_288_s,3.8688100000000007,3.8167999999999997,1_+30_impulse_288_s_15.csv
1,+30,impulse_72_s,3.8167999999999997,3.79795,1_+30_impulse_72_s_16.csv
1,+30,impulse_144_s,3.79795,3.77352,1_+30_impulse_144_s_17.csv
1,+30,impulse_288_s,3.77352,3.7316900000000004,1_+30_impulse_288_s_18.csv
1,+30,impulse_72_s,3.7316900000000004,3.7215900000000004,1_+30_impulse_72_s_19.csv
1,+30,impulse_144_s,3.7215900000000004,3.7026199999999996,1_+30_impulse_144_s_20.csv
1,+30,impulse_288_s,3.7026199999999996,3.66997,1_+30_impulse_288_s_21.csv
1,+30,impulse_72_s,3.66997,3.6630199999999995,1_+30_impulse_72_s_22.csv
1,+30,impulse_144_s,3.6630199999999995,3.6500700000000004,1_+30_impulse_144_s_23.csv
1,+30,impulse_288_s,3.6500700000000004,3.62701,1_+30_impulse_288_s_24.csv
1,+30,impulse_72_s,3.62701,3.62127,1_+30_impulse_72_s_25.csv
1,+30,impulse_144_s,3.62127,3.60792,1_+30_impulse_144_s_26.csv
1,+30,impulse_288_s,3.60792,3.5723,1_+30_impulse_288_s_27.csv
1,+30,UDDS,4.1195200000000005,3.9774900000000004,1_+30_UDDS_01.csv
1,+30,UDDS,3.9774900000000004,3.7817299999999996,1_+30_UDDS_02.csv
1,+30,UDDS,3.7817299999999996,3.62387,1_+30_UDDS_03.csv
1,+30,NEDC,4.112899999999999,3.95732,1_+30_NEDC_01.csv
1,+30,NEDC,3.95732,3.74493,1_+30_NEDC_02.csv
1,+30,NEDC,3.74493,3.589060000000001,1_+30_NEDC_03.csv
1,+30,WLTC,4.11298,3.9024,1_+30_WLTC_01.csv
1,+30,WLTC,3.9024,3.68172,1_+30_WLTC_02.csv
1,+30,WLTC,3.68172,3.5284,1_+30_WLTC_03.csv
2,+30,impulse_72_s,4.10577,4.098719999999999,2_+30_impulse_72_s_01.csv
2,+30,impulse_144_s,4.098719999999999,4.08836,2_+30_impulse_144_s_02.csv
2,+30,impulse_288_s,4.08836,4.0747599999999995,2_+30_impulse_288_s_03.csv
2,+30,impulse_72_s,4.0747599999999995,4.07092,2_+30_impulse_72_s_04.csv
2,+30,impulse_144_s,4.07092,4.057499999999999,2_+30_impulse_144_s_05.csv
2,+30,impulse_288_s,4.057499999999999,4.01372,2_+30_impulse_288_s_06.csv
2,+30,impulse_72_s,4.01372,4.00233,2_+30_impulse_72_s_07.csv
2,+30,impulse_144_s,4.00233,3.9786500000000005,2_+30_impulse_144_s_08.csv
2,+30,impulse_288_s,3.9786500000000005,3.93694,2_+30_impulse_288_s_09.csv
2,+30,impulse_72_s,3.93694,3.92834,2_+30_impulse_72_s_10.csv
2,+30,impulse_144_s,3.92834,3.9110799999999997,2_+30_impulse_144_s_11.csv
2,+30,impulse_288_s,3.9110799999999997,3.86967,2_+30_impulse_288_s_12.csv
2,+30,impulse_72_s,3.86967,3.8556199999999996,2_+30_impulse_72_s_13.csv
2,+30,impulse_144_s,3.8556199999999996,3.82941,2_+30_impulse_144_s_14.csv
2,+30,impulse_288_s,3.82941,3.7861399999999996,2_+30_impulse_288_s_15.csv
2,+30,impulse_72_s,3.7861399999999996,3.7753799999999997,2_+30_impulse_72_s_16.csv
2,+30,impulse_144_s,3.7753799999999997,3.7541,2_+30_impulse_144_s_17.csv
2,+30,impulse_288_s,3.7541,3.7118700000000002,2_+30_impulse_288_s_18.csv
2,+30,impulse_72_s,3.7118700000000002,3.7017800000000003,2_+30_impulse_72_s_19.csv
2,+30,impulse_144_s,3.7017800000000003,3.68288,2_+30_impulse_144_s_20.csv
2,+30,impulse_288_s,3.68288,3.6500100000000004,2_+30_impulse_288_s_21.csv
2,+30,impulse_72_s,3.6500100000000004,3.64289,2_+30_impulse_72_s_22.csv
2,+30,impulse_144_s,3.64289,3.6267900000000006,2_+30_impulse_144_s_23.csv
2,+30,impulse_288_s,3.6267900000000006,3.5873199999999996,2_+30_impulse_288_s_24.csv
2,+30,impulse_72_s,3.5873199999999996,3.5761399999999997,2_+30_impulse_72_s_25.csv
2,+30,impulse_144_s,3.5761399999999997,3.556399999999999,2_+30_impulse_144_s_26.csv
2,+30,impulse_288_s,3.556399999999999,3.5113800000000004,2_+30_impulse_288_s_27.csv
2,+30,UDDS,4.10412,3.95304,2_+30_UDDS_01.csv
2,+30,UDDS,3.95304,3.74509,2_+30_UDDS_02.csv
2,+30,UDDS,3.74509,3.5690600000000003,2_+30_UDDS_03.csv
2,+30,NEDC,4.10564,3.94315,2_+30_NEDC_01.csv
2,+30,NEDC,3.94315,3.7223999999999995,2_+30_NEDC_02.csv
2,+30,NEDC,3.7223999999999995,3.5324,2_+30_NEDC_03.csv
2,+30,WLTC,4.10591,3.88192,2_+30_WLTC_01.csv
2,+30,WLTC,3.88192,3.6588300000000005,2_+30_WLTC_02.csv
2,+30,WLTC,3.6588300000000005,3.45878,2_+30_WLTC_03.csv
3,+30,impulse_72_s,4.1029,4.09574,3_+30_impulse_72_s_01.csv
3,+30,impulse_144_s,4.09574,4.086180000000001,3_+30_impulse_144_s_02.csv
3,+30,impulse_288_s,4.086180000000001,4.07288,3_+30_impulse_288_s_03.csv
3,+30,impulse_72_s,4.07288,4.06864,3_+30_impulse_72_s_04.csv
3,+30,impulse_144_s,4.06864,4.05377,3_+30_impulse_144_s_05.csv
3,+30,impulse_288_s,4.05377,4.009060000000001,3_+30_impulse_288_s_06.csv
3,+30,impulse_72_s,4.009060000000001,3.99747,3_+30_impulse_72_s_07.csv
3,+30,impulse_144_s,3.99747,3.97412,3_+30_impulse_144_s_08.csv
3,+30,impulse_288_s,3.97412,3.93358,3_+30_impulse_288_s_09.csv
3,+30,impulse_72_s,3.93358,3.92524,3_+30_impulse_72_s_10.csv
3,+30,impulse_144_s,3.92524,3.9082999999999997,3_+30_impulse_144_s_11.csv
3,+30,impulse_288_s,3.9082999999999997,3.86884,3_+30_impulse_288_s_12.csv
3,+30,impulse_72_s,3.86884,3.85713,3_+30_impulse_72_s_13.csv
3,+30,impulse_144_s,3.85713,3.830539999999999,3_+30_impulse_144_s_14.csv
3,+30,impulse_288_s,3.830539999999999,3.7844499999999996,3_+30_impulse_288_s_15.csv
3,+30,impulse_72_s,3.7844499999999996,3.7730200000000003,3_+30_impulse_72_s_16.csv
3,+30,impulse_144_s,3.7730200000000003,3.75154,3_+30_impulse_144_s_17.csv
3,+30,impulse_288_s,3.75154,3.70968,3_+30_impulse_288_s_18.csv
3,+30,impulse_72_s,3.70968,3.6996200000000004,3_+30_impulse_72_s_19.csv
3,+30,impulse_144_s,3.6996200000000004,3.6811299999999996,3_+30_impulse_144_s_20.csv
3,+30,impulse_288_s,3.6811299999999996,3.6491499999999997,3_+30_impulse_288_s_21.csv
3,+30,impulse_72_s,3.6491499999999997,3.64221,3_+30_impulse_72_s_22.csv
3,+30,impulse_144_s,3.64221,3.6274899999999994,3_+30_impulse_144_s_23.csv
3,+30,impulse_288_s,3.6274899999999994,3.59266,3_+30_impulse_288_s_24.csv
3,+30,impulse_72_s,3.59266,3.5817699999999997,3_+30_impulse_72_s_25.csv
3,+30,impulse_144_s,3.5817699999999997,3.56254,3_+30_impulse_144_s_26.csv
3,+30,impulse_288_s,3.56254,3.51986,3_+30_impulse_288_s_27.csv
3,+30,UDDS,4.10215,3.9531199999999997,3_+30_UDDS_01.csv
3,+30,UDDS,3.9531199999999997,3.7463900000000003,3_+30_UDDS_02.csv
3,+30,UDDS,3.7463900000000003,3.5788200000000003,3_+30_UDDS_03.csv
3,+30,NEDC,4.10318,3.9408000000000003,3_+30_NEDC_01.csv
3,+30,NEDC,3.9408000000000003,3.72085,3_+30_NEDC_02.csv
3,+30,NEDC,3.72085,3.5414000000000003,3_+30_NEDC_03.csv
3,+30,WLTC,4.10287,3.87883,3_+30_WLTC_01.csv
3,+30,WLTC,3.87883,3.6573100000000003,3_+30_WLTC_02.csv
3,+30,WLTC,3.6573100000000003,3.4656999999999996,3_+30_WLTC_03.csv
4,+30,impulse_72_s,4.1123400000000006,4.10508,4_+30_impulse_72_s_01.csv
4,+30,impulse_144_s,4.10508,4.094790000000001,4_+30_impulse_144_s_02.csv
4,+30,impulse_288_s,4.094790000000001,4.0797799999999995,4_+30_impulse_288_s_03.csv
4,+30,impulse_72_s,4.0797799999999995,4.075010000000001,4_+30_impulse_72_s_04.csv
4,+30,impulse_144_s,4.075010000000001,4.06152,4_+30_impulse_144_s_05.csv
4,+30,impulse_288_s,4.06152,4.02249,4_+30_impulse_288_s_06.csv
4,+30,impulse_72_s,4.02249,4.01158,4_+30_impulse_72_s_07.csv
4,+30,impulse_144_s,4.01158,3.98947,4_+30_impulse_144_s_08.csv
4,+30,impulse_288_s,3.98947,3.9493699999999996,4_+30_impulse_288_s_09.csv
4,+30,impulse_72_s,3.9493699999999996,3.9405799999999997,4_+30_impulse_72_s_10.csv
4,+30,impulse_144_s,3.9405799999999997,3.9240000000000004,4_+30_impulse_144_s_11.csv
4,+30,impulse_288_s,3.9240000000000004,3.89346,4_+30_impulse_288_s_12.csv
4,+30,impulse_72_s,3.89346,3.88586,4_+30_impulse_72_s_13.csv
4,+30,impulse_144_s,3.88586,3.86933,4_+30_impulse_144_s_14.csv
4,+30,impulse_288_s,3.86933,3.82038,4_+30_impulse_288_s_15.csv
4,+30,impulse_72_s,3.82038,3.8010400000000004,4_+30_impulse_72_s_16.csv
4,+30,impulse_144_s,3.8010400000000004,3.77691,4_+30_impulse_144_s_17.csv
4,+30,impulse_288_s,3.77691,3.7365100000000004,4_+30_impulse_288_s_18.csv
4,+30,impulse_72_s,3.7365100000000004,3.7267,4_+30_impulse_72_s_19.csv
4,+30,impulse_144_s,3.7267,3.7081000000000004,4_+30_impulse_144_s_20.csv
4,+30,impulse_288_s,3.7081000000000004,3.6758,4_+30_impulse_288_s_21.csv
4,+30,impulse_72_s,3.6758,3.6689099999999994,4_+30_impulse_72_s_22.csv
4,+30,impulse_144_s,3.6689099999999994,3.6560099999999998,4_+30_impulse_144_s_23.csv
4,+30,impulse_288_s,3.6560099999999998,3.63313,4_+30_impulse_288_s_24.csv
4,+30,impulse_72_s,3.63313,3.62748,4_+30_impulse_72_s_25.csv
4,+30,impulse_144_s,3.62748,3.6148499999999997,4_+30_impulse_144_s_26.csv
4,+30,impulse_288_s,3.6148499999999997,3.5805,4_+30_impulse_288_s_27.csv
4,+30,UDDS,4.11921,3.97712,4_+30_UDDS_01.csv
4,+30,UDDS,3.97712,3.78622,4_+30_UDDS_02.csv
4,+30,UDDS,3.78622,3.63007,4_+30_UDDS_03.csv
4,+30,NEDC,4.112559999999999,3.9568999999999996,4_+30_NEDC_01.csv
4,+30,NEDC,3.9568999999999996,3.74929,4_+30_NEDC_02.csv
4,+30,NEDC,3.74929,3.5969900000000004,4_+30_NEDC_03.csv
4,+30,WLTC,4.11265,3.90199,4_+30_WLTC_01.csv
4,+30,WLTC,3.90199,3.6872999999999996,4_+30_WLTC_02.csv
4,+30,WLTC,3.6872999999999996,3.5384,4_+30_WLTC_03.csv
5,+30,impulse_72_s,4.11241,4.10516,5_+30_impulse_72_s_01.csv
5,+30,impulse_144_s,4.10516,4.09498,5_+30_impulse_144_s_02.csv
5,+30,impulse_288_s,4.09498,4.07998,5_+30_impulse_288_s_03.csv
5,+30,impulse_72_s,4.07998,4.075200000000001,5_+30_impulse_72_s_04.csv
5,+30,impulse_144_s,4.075200000000001,4.061680000000001,5_+30_impulse_144_s_05.csv
5,+30,impulse_288_s,4.061680000000001,4.022710000000001,5_+30_impulse_288_s_06.csv
5,+30,impulse_72_s,4.022710000000001,4.011819999999999,5_+30_impulse_72_s_07.csv
5,+30,impulse_144_s,4.011819999999999,3.98977,5_+30_impulse_144_s_08.csv
5,+30,impulse_288_s,3.98977,3.9498000000000006,5_+30_impulse_288_s_09.csv
5,+30,impulse_72_s,3.9498000000000006,3.94103,5_+30_impulse_72_s_10.csv
5,+30,impulse_144_s,3.94103,3.92449,5_+30_impulse_144_s_11.csv
5,+30,impulse_288_s,3.92449,3.8940599999999996,5_+30_impulse_288_s_12.csv
5,+30,impulse_72_s,3.8940599999999996,3.8864399999999995,5_+30_impulse_72_s_13.csv
5,+30,impulse_144_s,3.8864399999999995,3.86997,5_+30_impulse_144_s_14.csv
5,+30,impulse_288_s,3.86997,3.8228999999999997,5_+30_impulse_288_s_15.csv
5,+30,impulse_72_s,3.8228999999999997,3.8028800000000005,5_+30_impulse_72_s_16.csv
5,+30,impulse_144_s,3.8028800000000005,3.7778300000000002,5_+30_impulse_144_s_17.csv
5,+30,impulse_288_s,3.7778300000000002,3.73721,5_+30_impulse_288_s_18.csv
5,+30,impulse_72_s,3.73721,3.72744,5_+30_impulse_72_s_19.csv
5,+30,impulse_144_s,3.72744,3.7089,5_+30_impulse_144_s_20.csv
5,+30,impulse_288_s,3.7089,3.6765299999999996,5_+30_impulse_288_s_21.csv
5,+30,impulse_72_s,3.6765299999999996,3.6696200000000005,5_+30_impulse_72_s_22.csv
5,+30,impulse_144_s,3.6696200000000005,3.6567,5_+30_impulse_144_s_23.csv
5,+30,impulse_288_s,3.6567,3.63376,5_+30_impulse_288_s_24.csv
5,+30,impulse_72_s,3.63376,3.6281000000000008,5_+30_impulse_72_s_25.csv
5,+30,impulse_144_s,3.6281000000000008,3.61567,5_+30_impulse_144_s_26.csv
5,+30,impulse_288_s,3.61567,3.58151,5_+30_impulse_288_s_27.csv
5,+30,UDDS,4.119190000000001,3.9774000000000003,5_+30_UDDS_01.csv
5,+30,UDDS,3.9774000000000003,3.7873999999999994,5_+30_UDDS_02.csv
5,+30,UDDS,3.7873999999999994,3.6307099999999997,5_+30_UDDS_03.csv
5,+30,NEDC,4.112700000000001,3.9574,5_+30_NEDC_01.csv
5,+30,NEDC,3.9574,3.7502400000000007,5_+30_NEDC_02.csv
5,+30,NEDC,3.7502400000000007,3.59803,5_+30_NEDC_03.csv
5,+30,WLTC,4.112830000000001,3.9027100000000003,5_+30_WLTC_01.csv
5,+30,WLTC,3.9027100000000003,3.68821,5_+30_WLTC_02.csv
5,+30,WLTC,3.68821,3.53972,5_+30_WLTC_03.csv
1,+35,impulse_72_s,4.1128100000000005,4.10557,1_+35_impulse_72_s_01.csv
1,+35,impulse_144_s,4.10557,4.09536,1_+35_impulse_144_s_02.csv
1,+35,impulse_288_s,4.09536,4.08127,1_+35_impulse_288_s_03.csv
1,+35,impulse_72_s,4.08127,4.07697,1_+35_impulse_72_s_04.csv
1,+35,impulse_144_s,4.07697,4.06388,1_+35_impulse_144_s_05.csv
1,+35,impulse_288_s,4.06388,4.024150000000001,1_+35_impulse_288_s_06.csv
1,+35,impulse_72_s,4.024150000000001,4.012780000000001,1_+35_impulse_72_s_07.csv
1,+35,impulse_144_s,4.012780000000001,3.9903199999999996,1_+35_impulse_144_s_08.csv
1,+35,impulse_288_s,3.9903199999999996,3.9499000000000004,1_+35_impulse_288_s_09.csv
1,+35,impulse_72_s,3.9499000000000004,3.9410799999999995,1_+35_impulse_72_s_10.csv
1,+35,impulse_144_s,3.9410799999999995,3.92446,1_+35_impulse_144_s_11.csv
1,+35,impulse_288_s,3.92446,3.89389,1_+35_impulse_288_s_12.csv
1,+35,impulse_72_s,3.89389,3.8860600000000005,1_+35_impulse_72_s_13.csv
1,+35,impulse_144_s,3.8860600000000005,3.8691300000000006,1_+35_impulse_144_s_14.csv
1,+35,impulse_288_s,3.8691300000000006,3.81622,1_+35_impulse_288_s_15.csv
1,+35,impulse_72_s,3.81622,3.79831,1_+35_impulse_72_s_16.csv
1,+35,impulse_144_s,3.79831,3.77444,1_+35_impulse_144_s_17.csv
1,+35,impulse_288_s,3.77444,3.73279,1_+35_impulse_288_s_18.csv
1,+35,impulse_72_s,3.73279,3.7227200000000003,1_+35_impulse_72_s_19.csv
1,+35,impulse_144_s,3.7227200000000003,3.7037,1_+35_impulse_144_s_20.csv
1,+35,impulse_288_s,3.7037,3.67105,1_+35_impulse_288_s_21.csv
1,+35,impulse_72_s,3.67105,3.66404,1_+35_impulse_72_s_22.csv
1,+35,impulse_144_s,3.66404,3.6510400000000005,1_+35_impulse_144_s_23.csv
1,+35,impulse_288_s,3.6510400000000005,3.6276199999999994,1_+35_impulse_288_s_24.csv
1,+35,impulse_72_s,3.6276199999999994,3.62168,1_+35_impulse_72_s_25.csv
1,+35,impulse_144_s,3.62168,3.60561,1_+35_impulse_144_s_26.csv
1,+35,impulse_288_s,3.60561,3.57072,1_+35_impulse_288_s_27.csv
1,+35,UDDS,4.120559999999999,3.97902,1_+35_UDDS_01.csv
1,+35,UDDS,3.97902,3.78322,1_+35_UDDS_02.csv
1,+35,UDDS,3.78322,3.6253,1_+35_UDDS_03.csv
1,+35,NEDC,4.11324,3.9578800000000007,1_+35_NEDC_01.csv
1,+35,NEDC,3.9578800000000007,3.7461100000000003,1_+35_NEDC_02.csv
1,+35,NEDC,3.7461100000000003,3.5870400000000005,1_+35_NEDC_03.csv
1,+35,WLTC,4.113380000000001,3.9027000000000003,1_+35_WLTC_01.csv
1,+35,WLTC,3.9027000000000003,3.6829400000000008,1_+35_WLTC_02.csv
1,+35,WLTC,3.6829400000000008,3.5272999999999994,1_+35_WLTC_03.csv
2,+35,impulse_72_s,4.10656,4.09938,2_+35_impulse_72_s_01.csv
2,+35,impulse_144_s,4.09938,4.08908,2_+35_impulse_144_s_02.csv
2,+35,impulse_288_s,4.08908,4.0755,2_+35_impulse_288_s_03.csv
2,+35,impulse_72_s,4.0755,4.071720000000001,2_+35_impulse_72_s_04.csv
2,+35,impulse_144_s,4.071720000000001,4.058669999999999,2_+35_impulse_144_s_05.csv
2,+35,impulse_288_s,4.058669999999999,4.01535,2_+35_impulse_288_s_06.csv
2,+35,impulse_72_s,4.01535,4.00404,2_+35_impulse_72_s_07.csv
2,+35,impulse_144_s,4.00404,3.9804100000000004,2_+35_impulse_144_s_08.csv
2,+35,impulse_288_s,3.9804100000000004,3.93844,2_+35_impulse_288_s_09.csv
2,+35,impulse_72_s,3.93844,3.9298,2_+35_impulse_72_s_10.csv
2,+35,impulse_144_s,3.9298,3.91261,2_+35_impulse_144_s_11.csv
2,+35,impulse_288_s,3.91261,3.87265,2_+35_impulse_288_s_12.csv
2,+35,impulse_72_s,3.87265,3.8590400000000002,2_+35_impulse_72_s_13.csv
2,+35,impulse_144_s,3.8590400000000002,3.83258,2_+35_impulse_144_s_14.csv
2,+35,impulse_288_s,3.83258,3.78897,2_+35_impulse_288_s_15.csv
2,+35,impulse_72_s,3.78897,3.77802,2_+35_impulse_72_s_16.csv
2,+35,impulse_144_s,3.77802,3.7567600000000008,2_+35_impulse_144_s_17.csv
2,+35,impulse_288_s,3.7567600000000008,3.7142399999999993,2_+35_impulse_288_s_18.csv
2,+35,impulse_72_s,3.7142399999999993,3.7039999999999997,2_+35_impulse_72_s_19.csv
2,+35,impulse_144_s,3.7039999999999997,3.68494,2_+35_impulse_144_s_20.csv
2,+35,impulse_288_s,3.68494,3.6515800000000005,2_+35_impulse_288_s_21.csv
2,+35,impulse_72_s,3.6515800000000005,3.64424,2_+35_impulse_72_s_22.csv
2,+35,impulse_144_s,3.64424,3.62709,2_+35_impulse_144_s_23.csv
2,+35,impulse_288_s,3.62709,3.5874800000000002,2_+35_impulse_288_s_24.csv
2,+35,impulse_72_s,3.5874800000000002,3.5764400000000003,2_+35_impulse_72_s_25.csv
2,+35,impulse_144_s,3.5764400000000003,3.5570999999999997,2_+35_impulse_144_s_26.csv
2,+35,impulse_288_s,3.5570999999999997,3.5124000000000004,2_+35_impulse_288_s_27.csv
2,+35,UDDS,4.10578,3.95554,2_+35_UDDS_01.csv
2,+35,UDDS,3.95554,3.7484900000000003,2_+35_UDDS_02.csv
2,+35,UDDS,3.7484900000000003,3.569879999999999,2_+35_UDDS_03.csv
2,+35,NEDC,4.106660000000001,3.94428,2_+35_NEDC_01.csv
2,+35,NEDC,3.94428,3.7244400000000004,2_+35_NEDC_02.csv
2,+35,NEDC,3.7244400000000004,3.5328299999999997,2_+35_NEDC_03.csv
2,+35,WLTC,4.1066199999999995,3.8831500000000005,2_+35_WLTC_01.csv
2,+35,WLTC,3.8831500000000005,3.6597299999999997,2_+35_WLTC_02.csv
2,+35,WLTC,3.6597299999999997,3.4584,2_+35_WLTC_03.csv
3,+35,impulse_72_s,4.10344,4.096259999999999,3_+35_impulse_72_s_01.csv
3,+35,impulse_144_s,4.096259999999999,4.086710000000001,3_+35_impulse_144_s_02.csv
3,+35,impulse_288_s,4.086710000000001,4.07348,3_+35_impulse_288_s_03.csv
3,+35,impulse_72_s,4.07348,4.06931,3_+35_impulse_72_s_04.csv
3,+35,impulse_144_s,4.06931,4.054469999999999,3_+35_impulse_144_s_05.csv
3,+35,impulse_288_s,4.054469999999999,4.00985,3_+35_impulse_288_s_06.csv
3,+35,impulse_72_s,4.00985,3.9982099999999994,3_+35_impulse_72_s_07.csv
3,+35,impulse_144_s,3.9982099999999994,3.97485,3_+35_impulse_144_s_08.csv
3,+35,impulse_288_s,3.97485,3.9341099999999996,3_+35_impulse_288_s_09.csv
3,+35,impulse_72_s,3.9341099999999996,3.9256200000000008,3_+35_impulse_72_s_10.csv
3,+35,impulse_144_s,3.9256200000000008,3.9085900000000002,3_+35_impulse_144_s_11.csv
3,+35,impulse_288_s,3.9085900000000002,3.8695700000000004,3_+35_impulse_288_s_12.csv
3,+35,impulse_72_s,3.8695700000000004,3.8581200000000004,3_+35_impulse_72_s_13.csv
3,+35,impulse_144_s,3.8581200000000004,3.83208,3_+35_impulse_144_s_14.csv
3,+35,impulse_288_s,3.83208,3.78619,3_+35_impulse_288_s_15.csv
3,+35,impulse_72_s,3.78619,3.7747,3_+35_impulse_72_s_16.csv
3,+35,impulse_144_s,3.7747,3.7531099999999995,3_+35_impulse_144_s_17.csv
3,+35,impulse_288_s,3.7531099999999995,3.711239999999999,3_+35_impulse_288_s_18.csv
3,+35,impulse_72_s,3.711239999999999,3.7009299999999996,3_+35_impulse_72_s_19.csv
3,+35,impulse_144_s,3.7009299999999996,3.68236,3_+35_impulse_144_s_20.csv
3,+35,impulse_288_s,3.68236,3.6500700000000004,3_+35_impulse_288_s_21.csv
3,+35,impulse_72_s,3.6500700000000004,3.6428599999999998,3_+35_impulse_72_s_22.csv
3,+35,impulse_144_s,3.6428599999999998,3.62731,3_+35_impulse_144_s_23.csv
3,+35,impulse_288_s,3.62731,3.5917000000000003,3_+35_impulse_288_s_24.csv
3,+35,impulse_72_s,3.5917000000000003,3.58074,3_+35_impulse_72_s_25.csv
3,+35,impulse_144_s,3.58074,3.5618399999999992,3_+35_impulse_144_s_26.csv
3,+35,impulse_288_s,3.5618399999999992,3.51952,3_+35_impulse_288_s_27.csv
3,+35,UDDS,4.103870000000001,3.9552199999999997,3_+35_UDDS_01.csv
3,+35,UDDS,3.9552199999999997,3.7494500000000004,3_+35_UDDS_02.csv
3,+35,UDDS,3.7494500000000004,3.57937,3_+35_UDDS_03.csv
3,+35,NEDC,4.1036600000000005,3.9409199999999998,3_+35_NEDC_01.csv
3,+35,NEDC,3.9409199999999998,3.72175,3_+35_NEDC_02.csv
3,+35,NEDC,3.72175,3.54063,3_+35_NEDC_03.csv
3,+35,WLTC,4.10326,3.8785000000000003,3_+35_WLTC_01.csv
3,+35,WLTC,3.8785000000000003,3.6578000000000004,3_+35_WLTC_02.csv
3,+35,WLTC,3.6578000000000004,3.4650499999999993,3_+35_WLTC_03.csv
4,+35,impulse_72_s,4.112349999999999,4.10508,4_+35_impulse_72_s_01.csv
4,+35,impulse_144_s,4.10508,4.09494,4_+35_impulse_144_s_02.csv
4,+35,impulse_288_s,4.09494,4.0801,4_+35_impulse_288_s_03.csv
4,+35,impulse_72_s,4.0801,4.07535,4_+35_impulse_72_s_04.csv
4,+35,impulse_144_s,4.07535,4.06177,4_+35_impulse_144_s_05.csv
4,+35,impulse_288_s,4.06177,4.02246,4_+35_impulse_288_s_06.csv
4,+35,impulse_72_s,4.02246,4.0114,4_+35_impulse_72_s_07.csv
4,+35,impulse_144_s,4.0114,3.989209999999999,4_+35_impulse_144_s_08.csv
4,+35,impulse_288_s,3.989209999999999,3.9492,4_+35_impulse_288_s_09.csv
4,+35,impulse_72_s,3.9492,3.9403999999999995,4_+35_impulse_72_s_10.csv
4,+35,impulse_144_s,3.9403999999999995,3.92386,4_+35_impulse_144_s_11.csv
4,+35,impulse_288_s,3.92386,3.8934800000000003,4_+35_impulse_288_s_12.csv
4,+35,impulse_72_s,3.8934800000000003,3.88592,4_+35_impulse_72_s_13.csv
4,+35,impulse_144_s,3.88592,3.8694,4_+35_impulse_144_s_14.csv
4,+35,impulse_288_s,3.8694,3.8194299999999997,4_+35_impulse_288_s_15.csv
4,+35,impulse_72_s,3.8194299999999997,3.8006900000000003,4_+35_impulse_72_s_16.csv
4,+35,impulse_144_s,3.8006900000000003,3.7770799999999993,4_+35_impulse_144_s_17.csv
4,+35,impulse_288_s,3.7770799999999993,3.7367,4_+35_impulse_288_s_18.csv
4,+35,impulse_72_s,3.7367,3.7268699999999995,4_+35_impulse_72_s_19.csv
4,+35,impulse_144_s,3.7268699999999995,3.70828,4_+35_impulse_144_s_20.csv
4,+35,impulse_288_s,3.70828,3.6760200000000003,4_+35_impulse_288_s_21.csv
4,+35,impulse_72_s,3.6760200000000003,3.66905,4_+35_impulse_72_s_22.csv
4,+35,impulse_144_s,3.66905,3.6561100000000004,4_+35_impulse_144_s_23.csv
4,+35,impulse_288_s,3.6561100000000004,3.63295,4_+35_impulse_288_s_24.csv
4,+35,impulse_72_s,3.63295,3.62729,4_+35_impulse_72_s_25.csv
4,+35,impulse_144_s,3.62729,3.6125099999999994,4_+35_impulse_144_s_26.csv
4,+35,impulse_288_s,3.6125099999999994,3.5779900000000007,4_+35_impulse_288_s_27.csv
4,+35,UDDS,4.11974,3.97798,4_+35_UDDS_01.csv
4,+35,UDDS,3.97798,3.78656,4_+35_UDDS_02.csv
4,+35,UDDS,3.78656,3.63061,4_+35_UDDS_03.csv
4,+35,NEDC,4.1125799999999995,3.9570999999999996,4_+35_NEDC_01.csv
4,+35,NEDC,3.9570999999999996,3.74957,4_+35_NEDC_02.csv
4,+35,NEDC,3.74957,3.5941699999999996,4_+35_NEDC_03.csv
4,+35,WLTC,4.112700000000001,3.90224,4_+35_WLTC_01.csv
4,+35,WLTC,3.90224,3.6877100000000005,4_+35_WLTC_02.csv
4,+35,WLTC,3.6877100000000005,3.5369,4_+35_WLTC_03.csv
5,+35,impulse_72_s,4.112539999999999,4.1053,5_+35_impulse_72_s_01.csv
5,+35,impulse_144_s,4.1053,4.09519,5_+35_impulse_144_s_02.csv
5,+35,impulse_288_s,4.09519,4.080399999999999,5_+35_impulse_288_s_03.csv
5,+35,impulse_72_s,4.080399999999999,4.07565,5_+35_impulse_72_s_04.csv
5,+35,impulse_144_s,4.07565,4.0621,5_+35_impulse_144_s_05.csv
5,+35,impulse_288_s,4.0621,4.02287,5_+35_impulse_288_s_06.csv
5,+35,impulse_72_s,4.02287,4.0118,5_+35_impulse_72_s_07.csv
5,+35,impulse_144_s,4.0118,3.9897199999999997,5_+35_impulse_144_s_08.csv
5,+35,impulse_288_s,3.9897199999999997,3.94977,5_+35_impulse_288_s_09.csv
5,+35,impulse_72_s,3.94977,3.9410000000000003,5_+35_impulse_72_s_10.csv
5,+35,impulse_144_s,3.9410000000000003,3.9245000000000005,5_+35_impulse_144_s_11.csv
5,+35,impulse_288_s,3.9245000000000005,3.8942,5_+35_impulse_288_s_12.csv
5,+35,impulse_72_s,3.8942,3.8866,5_+35_impulse_72_s_13.csv
5,+35,impulse_144_s,3.8866,3.8700799999999993,5_+35_impulse_144_s_14.csv
5,+35,impulse_288_s,3.8700799999999993,3.8218000000000005,5_+35_impulse_288_s_15.csv
5,+35,impulse_72_s,3.8218000000000005,3.8022,5_+35_impulse_72_s_16.csv
5,+35,impulse_144_s,3.8022,3.7780099999999996,5_+35_impulse_144_s_17.csv
5,+35,impulse_288_s,3.7780099999999996,3.7374999999999994,5_+35_impulse_288_s_18.csv
5,+35,impulse_72_s,3.7374999999999994,3.7276799999999994,5_+35_impulse_72_s_19.csv
5,+35,impulse_144_s,3.7276799999999994,3.70908,5_+35_impulse_144_s_20.csv
5,+35,impulse_288_s,3.70908,3.676729999999999,5_+35_impulse_288_s_21.csv
5,+35,impulse_72_s,3.676729999999999,3.66976,5_+35_impulse_72_s_22.csv
5,+35,impulse_144_s,3.66976,3.6567999999999996,5_+35_impulse_144_s_23.csv
5,+35,impulse_288_s,3.6567999999999996,3.6336199999999996,5_+35_impulse_288_s_24.csv
5,+35,impulse_72_s,3.6336199999999996,3.6278899999999994,5_+35_impulse_72_s_25.csv
5,+35,impulse_144_s,3.6278899999999994,3.6134099999999996,5_+35_impulse_144_s_26.csv
5,+35,impulse_288_s,3.6134099999999996,3.5790099999999994,5_+35_impulse_288_s_27.csv
5,+35,UDDS,4.11975,3.9783999999999997,5_+35_UDDS_01.csv
5,+35,UDDS,3.9783999999999997,3.7877799999999993,5_+35_UDDS_02.csv
5,+35,UDDS,3.7877799999999993,3.6312700000000007,5_+35_UDDS_03.csv
5,+35,NEDC,4.11287,3.95779,5_+35_NEDC_01.csv
5,+35,NEDC,3.95779,3.75069,5_+35_NEDC_02.csv
5,+35,NEDC,3.75069,3.59529,5_+35_NEDC_03.csv
5,+35,WLTC,4.11297,3.90308,5_+35_WLTC_01.csv
5,+35,WLTC,3.90308,3.6886099999999997,5_+35_WLTC_02.csv
5,+35,WLTC,3.6886099999999997,3.53812,5_+35_WLTC_03.csv
