bat_num,temp,profile,U_start_V,U_end_V,file_name,Q_Ah,eta,OCV_file_name,SOC_start,SOC_end,SOH
1,25,impulse_72_s,4.11093,4.10372,1_+25_impulse_72_s_01.csv,3.289069388888891,0.9931634680841304,OCV_1_+25.csv,96.57953766467566,95.8491461620067,93.97341111111118
1,25,impulse_144_s,4.10372,4.09365,1_+25_impulse_144_s_02.csv,3.289069388888891,0.9931634680841304,OCV_1_+25.csv,95.8491461620067,94.51609347768525,93.97341111111118
1,25,impulse_288_s,4.09365,4.0794,1_+25_impulse_288_s_03.csv,3.289069388888891,0.9931634680841304,OCV_1_+25.csv,94.51609347768525,91.6103787930065,93.97341111111118
1,25,impulse_72_s,4.0794,4.07487,1_+25_impulse_72_s_04.csv,3.289069388888891,0.9931634680841304,OCV_1_+25.csv,91.6103787930065,90.3576629158762,93.97341111111118
1,25,impulse_144_s,4.07487,4.06139,1_+25_impulse_144_s_05.csv,3.289069388888891,0.9931634680841304,OCV_1_+25.csv,90.3576629158762,86.57231154098821,93.97341111111118
1,25,impulse_288_s,4.06139,4.02098,1_+25_impulse_288_s_06.csv,3.289069388888891,0.9931634680841304,OCV_1_+25.csv,86.57231154098821,81.48548345153638,93.97341111111118
1,25,impulse_72_s,4.02098,4.009639999999999,1_+25_impulse_72_s_07.csv,3.289069388888891,0.9931634680841304,OCV_1_+25.csv,81.48548345153638,80.42078850548697,93.97341111111118
1,25,impulse_144_s,4.009639999999999,3.98689,1_+25_impulse_144_s_08.csv,3.289069388888891,0.9931634680841304,OCV_1_+25.csv,80.42078850548697,78.35021210857332,93.97341111111118
1,25,impulse_288_s,3.98689,3.946800000000001,1_+25_impulse_288_s_09.csv,3.289069388888891,0.9931634680841304,OCV_1_+25.csv,78.35021210857332,74.52753676857644,93.97341111111118
1,25,impulse_72_s,3.946800000000001,3.9380700000000006,1_+25_impulse_72_s_10.csv,3.289069388888891,0.9931634680841304,OCV_1_+25.csv,74.52753676857644,73.62132087829656,93.97341111111118
1,25,impulse_144_s,3.9380700000000006,3.92163,1_+25_impulse_144_s_11.csv,3.289069388888891,0.9931634680841304,OCV_1_+25.csv,73.62132087829656,71.76953948366418,93.97341111111118
1,25,impulse_288_s,3.92163,3.89123,1_+25_impulse_288_s_12.csv,3.289069388888891,0.9931634680841304,OCV_1_+25.csv,71.76953948366418,67.99280587906142,93.97341111111118
1,25,impulse_72_s,3.89123,3.88358,1_+25_impulse_72_s_13.csv,3.289069388888891,0.9931634680841304,OCV_1_+25.csv,67.99280587906142,67.01274226802558,93.97341111111118
1,25,impulse_144_s,3.88358,3.86684,1_+25_impulse_144_s_14.csv,3.289069388888891,0.9931634680841304,OCV_1_+25.csv,67.01274226802558,64.98366950548203,93.97341111111118
1,25,impulse_288_s,3.86684,3.81722,1_+25_impulse_288_s_15.csv,3.289069388888891,0.9931634680841304,OCV_1_+25.csv,64.98366950548203,60.344256050319,93.97341111111118
1,25,impulse_72_s,3.81722,3.796100000000001,1_+25_impulse_72_s_16.csv,3.289069388888891,0.9931634680841304,OCV_1_+25.csv,60.344256050319,58.785562877922494,93.97341111111118
1,25,impulse_144_s,3.796100000000001,3.77006,1_+25_impulse_144_s_17.csv,3.289069388888891,0.9931634680841304,OCV_1_+25.csv,58.785562877922494,56.66574425107658,93.97341111111118
1,25,impulse_288_s,3.77006,3.72767,1_+25_impulse_288_s_18.csv,3.289069388888891,0.9931634680841304,OCV_1_+25.csv,56.66574425107658,52.590771946769486,93.97341111111118
1,25,impulse_72_s,3.72767,3.71766,1_+25_impulse_72_s_19.csv,3.289069388888891,0.9931634680841304,OCV_1_+25.csv,52.590771946769486,51.59881794100199,93.97341111111118
1,25,impulse_144_s,3.71766,3.69876,1_+25_impulse_144_s_20.csv,3.289069388888891,0.9931634680841304,OCV_1_+25.csv,51.59881794100199,49.65804438649651,93.97341111111118
1,25,impulse_288_s,3.69876,3.66659,1_+25_impulse_288_s_21.csv,3.289069388888891,0.9931634680841304,OCV_1_+25.csv,49.65804438649651,45.98102490400143,93.97341111111118
1,25,impulse_72_s,3.66659,3.65983,1_+25_impulse_72_s_22.csv,3.289069388888891,0.9931634680841304,OCV_1_+25.csv,45.98102490400143,45.11537984455542,93.97341111111118
1,25,impulse_144_s,3.65983,3.64707,1_+25_impulse_144_s_23.csv,3.289069388888891,0.9931634680841304,OCV_1_+25.csv,45.11537984455542,43.34332338191093,93.97341111111118
1,25,impulse_288_s,3.64707,3.62465,1_+25_impulse_288_s_24.csv,3.289069388888891,0.9931634680841304,OCV_1_+25.csv,43.34332338191093,39.86642805138595,93.97341111111118
1,25,impulse_72_s,3.62465,3.61928,1_+25_impulse_72_s_25.csv,3.289069388888891,0.9931634680841304,OCV_1_+25.csv,39.86642805138595,38.96635076001968,93.97341111111118
1,25,impulse_144_s,3.61928,3.60804,1_+25_impulse_144_s_26.csv,3.289069388888891,0.9931634680841304,OCV_1_+25.csv,38.96635076001968,37.08011644203483,93.97341111111118
1,25,impulse_288_s,3.60804,3.57429,1_+25_impulse_288_s_27.csv,3.289069388888891,0.9931634680841304,OCV_1_+25.csv,37.08011644203483,31.83329713318221,93.97341111111118
1,25,UDDS,4.117360000000001,3.97511,1_+25_UDDS_01.csv,3.289069388888891,0.9931634680841304,OCV_1_+25.csv,97.12818520033149,77.26899062020532,93.97341111111118
1,25,UDDS,3.97511,3.779300000000001,1_+25_UDDS_02.csv,3.289069388888891,0.9931634680841304,OCV_1_+25.csv,77.26899062020532,57.47233680818437,93.97341111111118
1,25,UDDS,3.779300000000001,3.6217699999999993,1_+25_UDDS_03.csv,3.289069388888891,0.9931634680841304,OCV_1_+25.csv,57.47233680818437,39.395567068739425,93.97341111111118
1,25,NEDC,4.111970000000001,3.95637,1_+25_NEDC_01.csv,3.289069388888891,0.9931634680841304,OCV_1_+25.csv,96.67352279376892,75.48680126772565,93.97341111111118
1,25,NEDC,3.95637,3.74337,1_+25_NEDC_02.csv,3.289069388888891,0.9931634680841304,OCV_1_+25.csv,75.48680126772565,54.147502389046416,93.97341111111118
1,25,NEDC,3.74337,3.59161,1_+25_NEDC_03.csv,3.289069388888891,0.9931634680841304,OCV_1_+25.csv,54.147502389046416,34.38347727616737,93.97341111111118
1,25,WLTC,4.11237,3.90169,1_+25_WLTC_01.csv,3.289069388888891,0.9931634680841304,OCV_1_+25.csv,96.71657786326345,69.32440678495067,93.97341111111118
1,25,WLTC,3.90169,3.6801600000000008,1_+25_WLTC_02.csv,3.289069388888891,0.9931634680841304,OCV_1_+25.csv,69.32440678495067,47.60520096906853,93.97341111111118
1,25,WLTC,3.6801600000000008,3.5291200000000003,1_+25_WLTC_03.csv,3.289069388888891,0.9931634680841304,OCV_1_+25.csv,47.60520096906853,26.51151065487565,93.97341111111118
2,25,impulse_72_s,4.10519,4.0984,2_+25_impulse_72_s_01.csv,3.0566876296296286,1.0,OCV_2_+25.csv,97.65126413891319,97.14711759034836,87.33393227513224
2,25,impulse_144_s,4.0984,4.088089999999999,2_+25_impulse_144_s_02.csv,3.0566876296296286,1.0,OCV_2_+25.csv,97.14711759034836,96.16534497049257,87.33393227513224
2,25,impulse_288_s,4.088089999999999,4.0741700000000005,2_+25_impulse_288_s_03.csv,3.0566876296296286,1.0,OCV_2_+25.csv,96.16534497049257,94.12996270981606,87.33393227513224
2,25,impulse_72_s,4.0741700000000005,4.07046,2_+25_impulse_72_s_04.csv,3.0566876296296286,1.0,OCV_2_+25.csv,94.12996270981606,93.35906650634148,87.33393227513224
2,25,impulse_144_s,4.07046,4.057049999999999,2_+25_impulse_144_s_05.csv,3.0566876296296286,1.0,OCV_2_+25.csv,93.35906650634148,89.59264377273242,87.33393227513224
2,25,impulse_288_s,4.057049999999999,4.013540000000001,2_+25_impulse_288_s_06.csv,3.0566876296296286,1.0,OCV_2_+25.csv,89.59264377273242,82.03353530860319,87.33393227513224
2,25,impulse_72_s,4.013540000000001,4.001810000000001,2_+25_impulse_72_s_07.csv,3.0566876296296286,1.0,OCV_2_+25.csv,82.03353530860319,80.74613349919358,87.33393227513224
2,25,impulse_144_s,4.001810000000001,3.97726,2_+25_impulse_144_s_08.csv,3.0566876296296286,1.0,OCV_2_+25.csv,80.74613349919358,78.2501188711101,87.33393227513224
2,25,impulse_288_s,3.97726,3.93552,2_+25_impulse_288_s_09.csv,3.0566876296296286,1.0,OCV_2_+25.csv,78.2501188711101,74.00632754657222,87.33393227513224
2,25,impulse_72_s,3.93552,3.92677,2_+25_impulse_72_s_10.csv,3.0566876296296286,1.0,OCV_2_+25.csv,74.00632754657222,73.0577698933992,87.33393227513224
2,25,impulse_144_s,3.92677,3.90964,2_+25_impulse_144_s_11.csv,3.0566876296296286,1.0,OCV_2_+25.csv,73.0577698933992,71.11121835757187,87.33393227513224
2,25,impulse_288_s,3.90964,3.86446,2_+25_impulse_288_s_12.csv,3.0566876296296286,1.0,OCV_2_+25.csv,71.11121835757187,66.09962059390207,87.33393227513224
2,25,impulse_72_s,3.86446,3.85006,2_+25_impulse_72_s_13.csv,3.0566876296296286,1.0,OCV_2_+25.csv,66.09962059390207,64.77874633744781,87.33393227513224
2,25,impulse_144_s,3.85006,3.82528,2_+25_impulse_144_s_14.csv,3.0566876296296286,1.0,OCV_2_+25.csv,64.77874633744781,62.53248766038985,87.33393227513224
2,25,impulse_288_s,3.82528,3.78327,2_+25_impulse_288_s_15.csv,3.0566876296296286,1.0,OCV_2_+25.csv,62.53248766038985,58.13652544197976,87.33393227513224
2,25,impulse_72_s,3.78327,3.77287,2_+25_impulse_72_s_16.csv,3.0566876296296286,1.0,OCV_2_+25.csv,58.13652544197976,57.00876145693696,87.33393227513224
2,25,impulse_144_s,3.77287,3.75194,2_+25_impulse_144_s_17.csv,3.0566876296296286,1.0,OCV_2_+25.csv,57.00876145693696,54.7772245982172,87.33393227513224
2,25,impulse_288_s,3.75194,3.70995,2_+25_impulse_288_s_18.csv,3.0566876296296286,1.0,OCV_2_+25.csv,54.7772245982172,50.40689833630839,87.33393227513224
2,25,impulse_72_s,3.70995,3.69996,2_+25_impulse_72_s_19.csv,3.0566876296296286,1.0,OCV_2_+25.csv,50.40689833630839,49.36880112999576,87.33393227513224
2,25,impulse_144_s,3.69996,3.68125,2_+25_impulse_144_s_20.csv,3.0566876296296286,1.0,OCV_2_+25.csv,49.36880112999576,47.34815886274171,87.33393227513224
2,25,impulse_288_s,3.68125,3.64895,2_+25_impulse_288_s_21.csv,3.0566876296296286,1.0,OCV_2_+25.csv,47.34815886274171,43.51702374124022,87.33393227513224
2,25,impulse_72_s,3.64895,3.6419000000000006,2_+25_impulse_72_s_22.csv,3.0566876296296286,1.0,OCV_2_+25.csv,43.51702374124022,42.61327675857685,87.33393227513224
2,25,impulse_144_s,3.6419000000000006,3.626640000000001,2_+25_impulse_144_s_23.csv,3.0566876296296286,1.0,OCV_2_+25.csv,42.61327675857685,40.561782285607954,87.33393227513224
2,25,impulse_288_s,3.626640000000001,3.58763,2_+25_impulse_288_s_24.csv,3.0566876296296286,1.0,OCV_2_+25.csv,40.561782285607954,35.295650189773205,87.33393227513224
2,25,impulse_72_s,3.58763,3.5764400000000003,2_+25_impulse_72_s_25.csv,3.0566876296296286,1.0,OCV_2_+25.csv,35.295650189773205,33.99648743472806,87.33393227513224
2,25,impulse_144_s,3.5764400000000003,3.5564,2_+25_impulse_144_s_26.csv,3.0566876296296286,1.0,OCV_2_+25.csv,33.99648743472806,31.799819475368608,87.33393227513224
2,25,impulse_288_s,3.5564,3.5116300000000003,2_+25_impulse_288_s_27.csv,3.0566876296296286,1.0,OCV_2_+25.csv,31.799819475368608,27.24734251792238,87.33393227513224
2,25,UDDS,4.10113,3.948500000000001,2_+25_UDDS_01.csv,3.0566876296296286,1.0,OCV_2_+25.csv,97.36494597650052,75.37200338599406,87.33393227513224
2,25,UDDS,3.948500000000001,3.73963,2_+25_UDDS_02.csv,3.0566876296296286,1.0,OCV_2_+25.csv,75.37200338599406,53.478005954787605,87.33393227513224
2,25,UDDS,3.73963,3.5665800000000005,2_+25_UDDS_03.csv,3.0566876296296286,1.0,OCV_2_+25.csv,53.478005954787605,32.902792645333335,87.33393227513224
2,25,NEDC,4.10448,3.94053,2_+25_NEDC_01.csv,3.0566876296296286,1.0,OCV_2_+25.csv,97.60440271305066,74.54008433675347,87.33393227513224
2,25,NEDC,3.94053,3.71811,2_+25_NEDC_02.csv,3.0566876296296286,1.0,OCV_2_+25.csv,74.54008433675347,51.25731053389345,87.33393227513224
2,25,NEDC,3.71811,3.52918,2_+25_NEDC_03.csv,3.0566876296296286,1.0,OCV_2_+25.csv,51.25731053389345,28.870922804527904,87.33393227513224
2,25,WLTC,4.10469,3.8782900000000007,2_+25_WLTC_01.csv,3.0566876296296286,1.0,OCV_2_+25.csv,97.61753421150664,67.48383501937943,87.33393227513224
2,25,WLTC,3.8782900000000007,3.65651,2_+25_WLTC_02.csv,3.0566876296296286,1.0,OCV_2_+25.csv,67.48383501937943,44.460147044187124,87.33393227513224
2,25,WLTC,3.65651,3.4576,2_+25_WLTC_03.csv,3.0566876296296286,1.0,OCV_2_+25.csv,44.460147044187124,22.4539184670077,87.33393227513224
3,25,impulse_72_s,4.10345,4.096889999999999,3_+25_impulse_72_s_01.csv,3.115264324074073,1.0,OCV_3_+25.csv,97.75025035254491,97.29853195056285,89.0075521164021
3,25,impulse_144_s,4.096889999999999,4.08699,3_+25_impulse_144_s_02.csv,3.115264324074073,1.0,OCV_3_+25.csv,97.29853195056285,96.40419014798108,89.0075521164021
3,25,impulse_288_s,4.08699,4.073570000000001,3_+25_impulse_288_s_03.csv,3.115264324074073,1.0,OCV_3_+25.csv,96.40419014798108,94.55411528348802,89.0075521164021
3,25,impulse_72_s,4.073570000000001,4.06996,3_+25_impulse_72_s_04.csv,3.115264324074073,1.0,OCV_3_+25.csv,94.55411528348802,93.84470517567702,89.0075521164021
3,25,impulse_144_s,4.06996,4.05693,3_+25_impulse_144_s_05.csv,3.115264324074073,1.0,OCV_3_+25.csv,93.84470517567702,90.32342380720662,89.0075521164021
3,25,impulse_288_s,4.05693,4.0139900000000015,3_+25_impulse_288_s_06.csv,3.115264324074073,1.0,OCV_3_+25.csv,90.32342380720662,82.79958391379118,89.0075521164021
3,25,impulse_72_s,4.0139900000000015,4.0025900000000005,3_+25_impulse_72_s_07.csv,3.115264324074073,1.0,OCV_3_+25.csv,82.79958391379118,81.52552580350286,89.0075521164021
3,25,impulse_144_s,4.0025900000000005,3.979,3_+25_impulse_144_s_08.csv,3.115264324074073,1.0,OCV_3_+25.csv,81.52552580350286,79.10928710296798,89.0075521164021
3,25,impulse_288_s,3.979,3.93783,3_+25_impulse_288_s_09.csv,3.115264324074073,1.0,OCV_3_+25.csv,79.10928710296798,74.90739646439671,89.0075521164021
3,25,impulse_72_s,3.93783,3.92914,3_+25_impulse_72_s_10.csv,3.115264324074073,1.0,OCV_3_+25.csv,74.90739646439671,73.95393715283076,89.0075521164021
3,25,impulse_144_s,3.92914,3.91237,3_+25_impulse_144_s_11.csv,3.115264324074073,1.0,OCV_3_+25.csv,73.95393715283076,72.04322894578961,89.0075521164021
3,25,impulse_288_s,3.91237,3.87287,3_+25_impulse_288_s_12.csv,3.115264324074073,1.0,OCV_3_+25.csv,72.04322894578961,67.40477824087414,89.0075521164021
3,25,impulse_72_s,3.87287,3.86039,3_+25_impulse_72_s_13.csv,3.115264324074073,1.0,OCV_3_+25.csv,67.40477824087414,66.15573138438714,89.0075521164021
3,25,impulse_144_s,3.86039,3.83248,3_+25_impulse_144_s_14.csv,3.115264324074073,1.0,OCV_3_+25.csv,66.15573138438714,63.64424780826704,89.0075521164021
3,25,impulse_288_s,3.83248,3.786550000000001,3_+25_impulse_288_s_15.csv,3.115264324074073,1.0,OCV_3_+25.csv,63.64424780826704,59.31629034498242,89.0075521164021
3,25,impulse_72_s,3.786550000000001,3.7755,3_+25_impulse_72_s_16.csv,3.115264324074073,1.0,OCV_3_+25.csv,59.31629034498242,58.19078392393669,89.0075521164021
3,25,impulse_144_s,3.7755,3.75432,3_+25_impulse_144_s_17.csv,3.115264324074073,1.0,OCV_3_+25.csv,58.19078392393669,56.02162609428503,89.0075521164021
3,25,impulse_288_s,3.75432,3.71255,3_+25_impulse_288_s_18.csv,3.115264324074073,1.0,OCV_3_+25.csv,56.02162609428503,51.759860029948484,89.0075521164021
3,25,impulse_72_s,3.71255,3.70251,3_+25_impulse_72_s_19.csv,3.115264324074073,1.0,OCV_3_+25.csv,51.759860029948484,50.71848237168808,89.0075521164021
3,25,impulse_144_s,3.70251,3.68381,3_+25_impulse_144_s_20.csv,3.115264324074073,1.0,OCV_3_+25.csv,50.71848237168808,48.73274040324385,89.0075521164021
3,25,impulse_288_s,3.68381,3.65164,3_+25_impulse_288_s_21.csv,3.115264324074073,1.0,OCV_3_+25.csv,48.73274040324385,44.94088274365364,89.0075521164021
3,25,impulse_72_s,3.65164,3.64465,3_+25_impulse_72_s_22.csv,3.115264324074073,1.0,OCV_3_+25.csv,44.94088274365364,44.04426719072636,89.0075521164021
3,25,impulse_144_s,3.64465,3.63052,3_+25_impulse_144_s_23.csv,3.115264324074073,1.0,OCV_3_+25.csv,44.04426719072636,42.133558983685234,89.0075521164021
3,25,impulse_288_s,3.63052,3.5979300000000003,3_+25_impulse_288_s_24.csv,3.115264324074073,1.0,OCV_3_+25.csv,42.133558983685234,37.50192952980642,89.0075521164021
3,25,impulse_72_s,3.5979300000000003,3.58705,3_+25_impulse_72_s_25.csv,3.115264324074073,1.0,OCV_3_+25.csv,37.50192952980642,36.02929722267391,89.0075521164021
3,25,impulse_144_s,3.58705,3.5674800000000007,3_+25_impulse_144_s_26.csv,3.115264324074073,1.0,OCV_3_+25.csv,36.02929722267391,33.632764358467625,89.0075521164021
3,25,impulse_288_s,3.5674800000000007,3.52513,3_+25_impulse_288_s_27.csv,3.115264324074073,1.0,OCV_3_+25.csv,33.632764358467625,29.007956155625372,89.0075521164021
3,25,UDDS,4.09919,3.9494,3_+25_UDDS_01.csv,3.115264324074073,1.0,OCV_3_+25.csv,97.4652736425697,76.12562137175543,89.0075521164021
3,25,UDDS,3.9494,3.74131,3_+25_UDDS_02.csv,3.115264324074073,1.0,OCV_3_+25.csv,76.12562137175543,54.68238714075798,89.0075521164021
3,25,UDDS,3.74131,3.5766800000000005,3_+25_UDDS_03.csv,3.115264324074073,1.0,OCV_3_+25.csv,54.68238714075798,34.72416452433009,89.0075521164021
3,25,NEDC,4.10232,3.94063,3_+25_NEDC_01.csv,3.115264324074073,1.0,OCV_3_+25.csv,97.67673242470555,75.20828942679081,89.0075521164021
3,25,NEDC,3.94063,3.71929,3_+25_NEDC_02.csv,3.115264324074073,1.0,OCV_3_+25.csv,75.20828942679081,52.43667971613959,89.0075521164021
3,25,NEDC,3.71929,3.54191,3_+25_NEDC_03.csv,3.115264324074073,1.0,OCV_3_+25.csv,52.43667971613959,30.763291422387542,89.0075521164021
3,25,WLTC,4.10225,3.87887,3_+25_WLTC_01.csv,3.115264324074073,1.0,OCV_3_+25.csv,97.67319547972359,68.06416584108275,89.0075521164021
3,25,WLTC,3.87887,3.65652,3_+25_WLTC_02.csv,3.115264324074073,1.0,OCV_3_+25.csv,68.06416584108275,45.5593428376424,89.0075521164021
3,25,WLTC,3.65652,3.4656,3_+25_WLTC_03.csv,3.115264324074073,1.0,OCV_3_+25.csv,45.5593428376424,23.763677303085338,89.0075521164021
4,25,impulse_72_s,4.113100000000001,4.105790000000001,4_+25_impulse_72_s_01.csv,3.416149564814813,0.9934009800175128,OCV_4_+25.csv,96.55057821176578,95.83076276587644,97.60427328042323
4,25,impulse_144_s,4.105790000000001,4.09531,4_+25_impulse_144_s_02.csv,3.416149564814813,0.9934009800175128,OCV_4_+25.csv,95.83076276587644,94.50718765015972,97.60427328042323
4,25,impulse_288_s,4.09531,4.08016,4_+25_impulse_288_s_03.csv,3.416149564814813,0.9934009800175128,OCV_4_+25.csv,94.50718765015972,91.56577824937231,97.60427328042323
4,25,impulse_72_s,4.08016,4.07559,4_+25_impulse_72_s_04.csv,3.416149564814813,0.9934009800175128,OCV_4_+25.csv,91.56577824937231,90.37209189760641,97.60427328042323
4,25,impulse_144_s,4.07559,4.0625,4_+25_impulse_144_s_05.csv,3.416149564814813,0.9934009800175128,OCV_4_+25.csv,90.37209189760641,87.12814402563723,97.60427328042323
4,25,impulse_288_s,4.0625,4.02414,4_+25_impulse_288_s_06.csv,3.416149564814813,0.9934009800175128,OCV_4_+25.csv,87.12814402563723,82.39902422305376,97.60427328042323
4,25,impulse_72_s,4.02414,4.01332,4_+25_impulse_72_s_07.csv,3.416149564814813,0.9934009800175128,OCV_4_+25.csv,82.39902422305376,81.38220041123984,97.60427328042323
4,25,impulse_144_s,4.01332,3.99124,4_+25_impulse_144_s_08.csv,3.416149564814813,0.9934009800175128,OCV_4_+25.csv,81.38220041123984,79.4107126018101,97.60427328042323
4,25,impulse_288_s,3.99124,3.95095,4_+25_impulse_288_s_09.csv,3.416149564814813,0.9934009800175128,OCV_4_+25.csv,79.4107126018101,75.74173644649552,97.60427328042323
4,25,impulse_72_s,3.95095,3.94199,4_+25_impulse_72_s_10.csv,3.416149564814813,0.9934009800175128,OCV_4_+25.csv,75.74173644649552,74.86607315877849,97.60427328042323
4,25,impulse_144_s,3.94199,3.92509,4_+25_impulse_144_s_11.csv,3.416149564814813,0.9934009800175128,OCV_4_+25.csv,74.86607315877849,73.10389223054459,97.60427328042323
4,25,impulse_288_s,3.92509,3.89361,4_+25_impulse_288_s_12.csv,3.416149564814813,0.9934009800175128,OCV_4_+25.csv,73.10389223054459,69.49319413662464,97.60427328042323
4,25,impulse_72_s,3.89361,3.88594,4_+25_impulse_72_s_13.csv,3.416149564814813,0.9934009800175128,OCV_4_+25.csv,69.49319413662464,68.60691487906995,97.60427328042323
4,25,impulse_144_s,3.88594,3.86893,4_+25_impulse_144_s_14.csv,3.416149564814813,0.9934009800175128,OCV_4_+25.csv,68.60691487906995,66.68521021391969,97.60427328042323
4,25,impulse_288_s,3.86893,3.82117,4_+25_impulse_288_s_15.csv,3.416149564814813,0.9934009800175128,OCV_4_+25.csv,66.68521021391969,62.32705834479381,97.60427328042323
4,25,impulse_72_s,3.82117,3.80234,4_+25_impulse_72_s_16.csv,3.416149564814813,0.9934009800175128,OCV_4_+25.csv,62.32705834479381,60.80526827051123,97.60427328042323
4,25,impulse_144_s,3.80234,3.77728,4_+25_impulse_144_s_17.csv,3.416149564814813,0.9934009800175128,OCV_4_+25.csv,60.80526827051123,58.61823239139812,97.60427328042323
4,25,impulse_288_s,3.77728,3.73677,4_+25_impulse_288_s_18.csv,3.416149564814813,0.9934009800175128,OCV_4_+25.csv,58.61823239139812,54.656782431788834,97.60427328042323
4,25,impulse_72_s,3.73677,3.727009999999999,4_+25_impulse_72_s_19.csv,3.416149564814813,0.9934009800175128,OCV_4_+25.csv,54.656782431788834,53.68104126046859,97.60427328042323
4,25,impulse_144_s,3.727009999999999,3.70841,4_+25_impulse_144_s_20.csv,3.416149564814813,0.9934009800175128,OCV_4_+25.csv,53.68104126046859,51.77373552251904,97.60427328042323
4,25,impulse_288_s,3.70841,3.67592,4_+25_impulse_288_s_21.csv,3.416149564814813,0.9934009800175128,OCV_4_+25.csv,51.77373552251904,48.18158291832827,97.60427328042323
4,25,impulse_72_s,3.67592,3.66896,4_+25_impulse_72_s_22.csv,3.416149564814813,0.9934009800175128,OCV_4_+25.csv,48.18158291832827,47.33018576934023,97.60427328042323
4,25,impulse_144_s,3.66896,3.65596,4_+25_impulse_144_s_23.csv,3.416149564814813,0.9934009800175128,OCV_4_+25.csv,47.33018576934023,45.63005041037147,97.60427328042323
4,25,impulse_288_s,3.65596,3.63314,4_+25_impulse_288_s_24.csv,3.416149564814813,0.9934009800175128,OCV_4_+25.csv,45.63005041037147,42.29352917811858,97.60427328042323
4,25,impulse_72_s,3.63314,3.627580000000001,4_+25_impulse_72_s_25.csv,3.416149564814813,0.9934009800175128,OCV_4_+25.csv,42.29352917811858,41.40340259031498,97.60427328042323
4,25,impulse_144_s,3.627580000000001,3.6162,4_+25_impulse_144_s_26.csv,3.416149564814813,0.9934009800175128,OCV_4_+25.csv,41.40340259031498,39.58177729950828,97.60427328042323
4,25,impulse_288_s,3.6162,3.58435,4_+25_impulse_288_s_27.csv,3.416149564814813,0.9934009800175128,OCV_4_+25.csv,39.58177729950828,34.75432310212415,97.60427328042323
4,25,UDDS,4.1181,3.9759,4_+25_UDDS_01.csv,3.416149564814813,0.9934009800175128,OCV_4_+25.csv,96.97198751920632,78.05124180949238,97.60427328042323
4,25,UDDS,3.9759,3.78542,4_+25_UDDS_02.csv,3.416149564814813,0.9934009800175128,OCV_4_+25.csv,78.05124180949238,59.3601438643792,97.60427328042323
4,25,UDDS,3.78542,3.62898,4_+25_UDDS_03.csv,3.416149564814813,0.9934009800175128,OCV_4_+25.csv,59.3601438643792,41.62456614403028,97.60427328042323
4,25,NEDC,4.11219,3.95646,4_+25_NEDC_01.csv,3.416149564814813,0.9934009800175128,OCV_4_+25.csv,96.47390441230318,76.26625783659316,97.60427328042323
4,25,NEDC,3.95646,3.74869,4_+25_NEDC_02.csv,3.416149564814813,0.9934009800175128,OCV_4_+25.csv,76.26625783659316,55.84807655157921,97.60427328042323
4,25,NEDC,3.74869,3.5998999999999994,4_+25_NEDC_03.csv,3.416149564814813,0.9934009800175128,OCV_4_+25.csv,55.84807655157921,37.01085974386376,97.60427328042323
4,25,WLTC,4.11243,3.90146,4_+25_WLTC_01.csv,3.416149564814813,0.9934009800175128,OCV_4_+25.csv,96.49048253110588,70.42228393846251,97.60427328042323
4,25,WLTC,3.90146,3.68675,4_+25_WLTC_02.csv,3.416149564814813,0.9934009800175128,OCV_4_+25.csv,70.42228393846251,49.443456825840784,97.60427328042323
4,25,WLTC,3.68675,3.53949,4_+25_WLTC_03.csv,3.416149564814813,0.9934009800175128,OCV_4_+25.csv,49.443456825840784,29.476865838828697,97.60427328042323
5,25,impulse_72_s,4.11295,4.105790000000001,5_+25_impulse_72_s_01.csv,3.418968907407408,0.9936093876764712,OCV_5_+25.csv,96.57419322343729,95.8625877627461,97.68482592592595
5,25,impulse_144_s,4.105790000000001,4.095389999999999,5_+25_impulse_144_s_02.csv,3.418968907407408,0.9936093876764712,OCV_5_+25.csv,95.8625877627461,94.53668038134501,97.68482592592595
5,25,impulse_288_s,4.095389999999999,4.08025,5_+25_impulse_288_s_03.csv,3.418968907407408,0.9936093876764712,OCV_5_+25.csv,94.53668038134501,91.57641858030087,97.68482592592595
5,25,impulse_72_s,4.08025,4.07558,5_+25_impulse_72_s_04.csv,3.418968907407408,0.9936093876764712,OCV_5_+25.csv,91.57641858030087,90.37660265789037,97.68482592592595
5,25,impulse_144_s,4.07558,4.0625,5_+25_impulse_144_s_05.csv,3.418968907407408,0.9936093876764712,OCV_5_+25.csv,90.37660265789037,87.16513086052022,97.68482592592595
5,25,impulse_288_s,4.0625,4.0242,5_+25_impulse_288_s_06.csv,3.418968907407408,0.9936093876764712,OCV_5_+25.csv,87.16513086052022,82.41543702142918,97.68482592592595
5,25,impulse_72_s,4.0242,4.01347,5_+25_impulse_72_s_07.csv,3.418968907407408,0.9936093876764712,OCV_5_+25.csv,82.41543702142918,81.41235398233157,97.68482592592595
5,25,impulse_144_s,4.01347,3.99138,5_+25_impulse_144_s_08.csv,3.418968907407408,0.9936093876764712,OCV_5_+25.csv,81.41235398233157,79.42476116134009,97.68482592592595
5,25,impulse_288_s,3.99138,3.95124,5_+25_impulse_288_s_09.csv,3.418968907407408,0.9936093876764712,OCV_5_+25.csv,79.42476116134009,75.76590626973534,97.68482592592595
5,25,impulse_72_s,3.95124,3.9423600000000008,5_+25_impulse_72_s_10.csv,3.418968907407408,0.9936093876764712,OCV_5_+25.csv,75.76590626973534,74.89468925385799,97.68482592592595
5,25,impulse_144_s,3.9423600000000008,3.92549,5_+25_impulse_144_s_11.csv,3.418968907407408,0.9936093876764712,OCV_5_+25.csv,74.89468925385799,73.13554453099108,97.68482592592595
5,25,impulse_288_s,3.92549,3.89412,5_+25_impulse_288_s_12.csv,3.418968907407408,0.9936093876764712,OCV_5_+25.csv,73.13554453099108,69.53585546293999,97.68482592592595
5,25,impulse_72_s,3.89412,3.88653,5_+25_impulse_72_s_13.csv,3.418968907407408,0.9936093876764712,OCV_5_+25.csv,69.53585546293999,68.63976008880991,97.68482592592595
5,25,impulse_144_s,3.88653,3.8696,5_+25_impulse_144_s_14.csv,3.418968907407408,0.9936093876764712,OCV_5_+25.csv,68.63976008880991,66.73015252415956,97.68482592592595
5,25,impulse_288_s,3.8696,3.82356,5_+25_impulse_288_s_15.csv,3.418968907407408,0.9936093876764712,OCV_5_+25.csv,66.73015252415956,62.460770810359996,97.68482592592595
5,25,impulse_72_s,3.82356,3.80457,5_+25_impulse_72_s_16.csv,3.418968907407408,0.9936093876764712,OCV_5_+25.csv,62.460770810359996,60.92178180576392,97.68482592592595
5,25,impulse_144_s,3.80457,3.7783,5_+25_impulse_144_s_17.csv,3.418968907407408,0.9936093876764712,OCV_5_+25.csv,60.92178180576392,58.64534418517541,97.68482592592595
5,25,impulse_288_s,3.7783,3.737519999999999,5_+25_impulse_288_s_18.csv,3.418968907407408,0.9936093876764712,OCV_5_+25.csv,58.64534418517541,54.663957843340064,97.68482592592595
5,25,impulse_72_s,3.737519999999999,3.72778,5_+25_impulse_72_s_19.csv,3.418968907407408,0.9936093876764712,OCV_5_+25.csv,54.663957843340064,53.693026716666,97.68482592592595
5,25,impulse_144_s,3.72778,3.7091,5_+25_impulse_144_s_20.csv,3.418968907407408,0.9936093876764712,OCV_5_+25.csv,53.693026716666,51.78149362022209,97.68482592592595
5,25,impulse_288_s,3.7091,3.6766,5_+25_impulse_288_s_21.csv,3.418968907407408,0.9936093876764712,OCV_5_+25.csv,51.78149362022209,48.183576528898286,97.68482592592595
5,25,impulse_72_s,3.6766,3.66969,5_+25_impulse_72_s_22.csv,3.418968907407408,0.9936093876764712,OCV_5_+25.csv,48.183576528898286,47.34036421994149,97.68482592592595
5,25,impulse_144_s,3.66969,3.65658,5_+25_impulse_144_s_23.csv,3.418968907407408,0.9936093876764712,OCV_5_+25.csv,47.34036421994149,45.639445303630474,97.68482592592595
5,25,impulse_288_s,3.65658,3.6337,5_+25_impulse_288_s_24.csv,3.418968907407408,0.9936093876764712,OCV_5_+25.csv,45.639445303630474,42.28594075641563,97.68482592592595
5,25,impulse_72_s,3.6337,3.62818,5_+25_impulse_72_s_25.csv,3.418968907407408,0.9936093876764712,OCV_5_+25.csv,42.28594075641563,41.42408247502488,97.68482592592595
5,25,impulse_144_s,3.62818,3.61689,5_+25_impulse_144_s_26.csv,3.418968907407408,0.9936093876764712,OCV_5_+25.csv,41.42408247502488,39.60506427535897,97.68482592592595
5,25,impulse_288_s,3.61689,3.5856700000000004,5_+25_impulse_288_s_27.csv,3.418968907407408,0.9936093876764712,OCV_5_+25.csv,39.60506427535897,34.839291839559785,97.68482592592595
5,25,UDDS,4.11795,3.97607,5_+25_UDDS_01.csv,3.418968907407408,0.9936093876764712,OCV_5_+25.csv,96.9986572083314,78.06411824257738,97.68482592592595
5,25,UDDS,3.97607,3.7867000000000006,5_+25_UDDS_02.csv,3.418968907407408,0.9936093876764712,OCV_5_+25.csv,78.06411824257738,59.40488523177461,97.68482592592595
5,25,UDDS,3.7867000000000006,3.62959,5_+25_UDDS_03.csv,3.418968907407408,0.9936093876764712,OCV_5_+25.csv,59.40488523177461,41.63540349594281,97.68482592592595
5,25,NEDC,4.112209999999999,3.95693,5_+25_NEDC_01.csv,3.418968907407408,0.9936093876764712,OCV_5_+25.csv,96.50586487464948,76.31472670385358,97.68482592592595
5,25,NEDC,3.95693,3.749719999999999,5_+25_NEDC_02.csv,3.418968907407408,0.9936093876764712,OCV_5_+25.csv,76.31472670385358,55.88490749276352,97.68482592592595
5,25,NEDC,3.749719999999999,3.601090000000001,5_+25_NEDC_03.csv,3.418968907407408,0.9936093876764712,OCV_5_+25.csv,55.88490749276352,37.11755343435806,97.68482592592595
5,25,WLTC,4.112499999999999,3.90215,5_+25_WLTC_01.csv,3.418968907407408,0.9936093876764712,OCV_5_+25.csv,96.53968395637266,70.48238027101235,97.68482592592595
5,25,WLTC,3.90215,3.6876000000000007,5_+25_WLTC_02.csv,3.418968907407408,0.9936093876764712,OCV_5_+25.csv,70.48238027101235,49.46805247830474,97.68482592592595
5,25,WLTC,3.6876000000000007,3.5408,5_+25_WLTC_03.csv,3.418968907407408,0.9936093876764712,OCV_5_+25.csv,49.46805247830474,29.53763659339136,97.68482592592595
1,30,impulse_72_s,4.11242,4.10518,1_+30_impulse_72_s_01.csv,3.293283212962965,0.9929996119291316,OCV_1_+30.csv,96.37128980485738,95.61419326256205,94.09380608465614
1,30,impulse_144_s,4.10518,4.0949100000000005,1_+30_impulse_144_s_02.csv,3.293283212962965,0.9929996119291316,OCV_1_+30.csv,95.61419326256205,94.21256093283927,94.09380608465614
1,30,impulse_288_s,4.0949100000000005,4.080749999999999,1_+30_impulse_288_s_03.csv,3.293283212962965,0.9929996119291316,OCV_1_+30.csv,94.21256093283927,91.23652036461037,94.09380608465614
1,30,impulse_72_s,4.080749999999999,4.07648,1_+30_impulse_72_s_04.csv,3.293283212962965,0.9929996119291316,OCV_1_+30.csv,91.23652036461037,90.0162926174985,94.09380608465614
1,30,impulse_144_s,4.07648,4.06342,1_+30_impulse_144_s_05.csv,3.293283212962965,0.9929996119291316,OCV_1_+30.csv,90.0162926174985,86.40004325077048,94.09380608465614
1,30,impulse_288_s,4.06342,4.023619999999999,1_+30_impulse_288_s_06.csv,3.293283212962965,0.9929996119291316,OCV_1_+30.csv,86.40004325077048,81.40171313392129,94.09380608465614
1,30,impulse_72_s,4.023619999999999,4.01241,1_+30_impulse_72_s_07.csv,3.293283212962965,0.9929996119291316,OCV_1_+30.csv,81.40171313392129,80.34212379643516,94.09380608465614
1,30,impulse_144_s,4.01241,3.98986,1_+30_impulse_144_s_08.csv,3.293283212962965,0.9929996119291316,OCV_1_+30.csv,80.34212379643516,78.29310475870452,94.09380608465614
1,30,impulse_288_s,3.98986,3.94942,1_+30_impulse_288_s_09.csv,3.293283212962965,0.9929996119291316,OCV_1_+30.csv,78.29310475870452,74.45608617519804,94.09380608465614
1,30,impulse_72_s,3.94942,3.940560000000001,1_+30_impulse_72_s_10.csv,3.293283212962965,0.9929996119291316,OCV_1_+30.csv,74.45608617519804,73.52550521131269,94.09380608465614
1,30,impulse_144_s,3.940560000000001,3.924,1_+30_impulse_144_s_11.csv,3.293283212962965,0.9929996119291316,OCV_1_+30.csv,73.52550521131269,71.65716537403324,94.09380608465614
1,30,impulse_288_s,3.924,3.8935300000000006,1_+30_impulse_288_s_12.csv,3.293283212962965,0.9929996119291316,OCV_1_+30.csv,71.65716537403324,67.87391785176936,94.09380608465614
1,30,impulse_72_s,3.8935300000000006,3.88564,1_+30_impulse_72_s_13.csv,3.293283212962965,0.9929996119291316,OCV_1_+30.csv,67.87391785176936,66.87092519207728,94.09380608465614
1,30,impulse_144_s,3.88564,3.8688100000000007,1_+30_impulse_144_s_14.csv,3.293283212962965,0.9929996119291316,OCV_1_+30.csv,66.87092519207728,64.83347853019376,94.09380608465614
1,30,impulse_288_s,3.8688100000000007,3.8168,1_+30_impulse_288_s_15.csv,3.293283212962965,0.9929996119291316,OCV_1_+30.csv,64.83347853019376,60.10507211188524,94.09380608465614
1,30,impulse_72_s,3.8168,3.79795,1_+30_impulse_72_s_16.csv,3.293283212962965,0.9929996119291316,OCV_1_+30.csv,60.10507211188524,58.73571085358428,94.09380608465614
1,30,impulse_144_s,3.79795,3.77352,1_+30_impulse_144_s_17.csv,3.293283212962965,0.9929996119291316,OCV_1_+30.csv,58.73571085358428,56.7335155154057,94.09380608465614
1,30,impulse_288_s,3.77352,3.73169,1_+30_impulse_288_s_18.csv,3.293283212962965,0.9929996119291316,OCV_1_+30.csv,56.7335155154057,52.67129107540096,94.09380608465614
1,30,impulse_72_s,3.73169,3.72159,1_+30_impulse_72_s_19.csv,3.293283212962965,0.9929996119291316,OCV_1_+30.csv,52.67129107540096,51.66828154635636,94.09380608465614
1,30,impulse_144_s,3.72159,3.70262,1_+30_impulse_144_s_20.csv,3.293283212962965,0.9929996119291316,OCV_1_+30.csv,51.66828154635636,49.72750470924148,94.09380608465614
1,30,impulse_288_s,3.70262,3.66997,1_+30_impulse_288_s_21.csv,3.293283212962965,0.9929996119291316,OCV_1_+30.csv,49.72750470924148,46.01730148350473,94.09380608465614
1,30,impulse_72_s,3.66997,3.66302,1_+30_impulse_72_s_22.csv,3.293283212962965,0.9929996119291316,OCV_1_+30.csv,46.01730148350473,45.13187134171054,94.09380608465614
1,30,impulse_144_s,3.66302,3.65007,1_+30_impulse_144_s_23.csv,3.293283212962965,0.9929996119291316,OCV_1_+30.csv,45.13187134171054,43.34811443810019,94.09380608465614
1,30,impulse_288_s,3.65007,3.62701,1_+30_impulse_288_s_24.csv,3.293283212962965,0.9929996119291316,OCV_1_+30.csv,43.34811443810019,39.840090402635475,94.09380608465614
1,30,impulse_72_s,3.62701,3.62127,1_+30_impulse_72_s_25.csv,3.293283212962965,0.9929996119291316,OCV_1_+30.csv,39.840090402635475,38.88870109238373,94.09380608465614
1,30,impulse_144_s,3.62127,3.60792,1_+30_impulse_144_s_26.csv,3.293283212962965,0.9929996119291316,OCV_1_+30.csv,38.88870109238373,36.74505342154244,94.09380608465614
1,30,impulse_288_s,3.60792,3.5723,1_+30_impulse_288_s_27.csv,3.293283212962965,0.9929996119291316,OCV_1_+30.csv,36.74505342154244,31.795247997293792,94.09380608465614
1,30,UDDS,4.1195200000000005,3.97749,1_+30_UDDS_01.csv,3.293283212962965,0.9929996119291316,OCV_1_+30.csv,96.98977650039409,77.16964805247659,94.09380608465614
1,30,UDDS,3.97749,3.78173,1_+30_UDDS_02.csv,3.293283212962965,0.9929996119291316,OCV_1_+30.csv,77.16964805247659,57.451896893606325,94.09380608465614
1,30,UDDS,3.78173,3.62387,1_+30_UDDS_03.csv,3.293283212962965,0.9929996119291316,OCV_1_+30.csv,57.451896893606325,39.32102042477396,94.09380608465614
1,30,NEDC,4.112899999999999,3.95732,1_+30_NEDC_01.csv,3.293283212962965,0.9929996119291316,OCV_1_+30.csv,96.42004223371727,75.25043868259267,94.09380608465614
1,30,NEDC,3.95732,3.74493,1_+30_NEDC_02.csv,3.293283212962965,0.9929996119291316,OCV_1_+30.csv,75.25043868259267,53.981871074753,94.09380608465614
1,30,NEDC,3.74493,3.589060000000001,1_+30_NEDC_03.csv,3.293283212962965,0.9929996119291316,OCV_1_+30.csv,53.981871074753,33.940354867130495,94.09380608465614
1,30,WLTC,4.11298,3.9024,1_+30_WLTC_01.csv,3.293283212962965,0.9929996119291316,OCV_1_+30.csv,96.43151339344907,69.01882393976035,94.09380608465614
1,30,WLTC,3.9024,3.68172,1_+30_WLTC_02.csv,3.293283212962965,0.9929996119291316,OCV_1_+30.csv,69.01882393976035,47.427537183026274,94.09380608465614
1,30,WLTC,3.68172,3.5284,1_+30_WLTC_03.csv,3.293283212962965,0.9929996119291316,OCV_1_+30.csv,47.427537183026274,26.611717693510812,94.09380608465614
2,30,impulse_72_s,4.10577,4.098719999999999,2_+30_impulse_72_s_01.csv,3.0505827592592567,1.0,OCV_2_+30.csv,97.23196482877258,96.63986484573903,87.15950740740733
2,30,impulse_144_s,4.098719999999999,4.08836,2_+30_impulse_144_s_02.csv,3.0505827592592567,1.0,OCV_2_+30.csv,96.63986484573903,95.528419648829,87.15950740740733
2,30,impulse_288_s,4.08836,4.07476,2_+30_impulse_288_s_03.csv,3.0505827592592567,1.0,OCV_2_+30.csv,95.528419648829,93.26528193590089,87.15950740740733
2,30,impulse_72_s,4.07476,4.07092,2_+30_impulse_72_s_04.csv,3.0505827592592567,1.0,OCV_2_+30.csv,93.26528193590089,92.33030575354202,87.15950740740733
2,30,impulse_144_s,4.07092,4.057499999999999,2_+30_impulse_144_s_05.csv,3.0505827592592567,1.0,OCV_2_+30.csv,92.33030575354202,88.30247789510202,87.15950740740733
2,30,impulse_288_s,4.057499999999999,4.01372,2_+30_impulse_288_s_06.csv,3.0505827592592567,1.0,OCV_2_+30.csv,88.30247789510202,81.36136332275565,87.15950740740733
2,30,impulse_72_s,4.01372,4.00233,2_+30_impulse_72_s_07.csv,3.0505827592592567,1.0,OCV_2_+30.csv,81.36136332275565,80.17019747453513,87.15950740740733
2,30,impulse_144_s,4.00233,3.978650000000001,2_+30_impulse_144_s_08.csv,3.0505827592592567,1.0,OCV_2_+30.csv,80.17019747453513,77.84591479603877,87.15950740740733
2,30,impulse_288_s,3.978650000000001,3.93694,2_+30_impulse_288_s_09.csv,3.0505827592592567,1.0,OCV_2_+30.csv,77.84591479603877,73.64935779210677,87.15950740740733
2,30,impulse_72_s,3.93694,3.92834,2_+30_impulse_72_s_10.csv,3.0505827592592567,1.0,OCV_2_+30.csv,73.64935779210677,72.70973768831247,87.15950740740733
2,30,impulse_144_s,3.92834,3.91108,2_+30_impulse_144_s_11.csv,3.0505827592592567,1.0,OCV_2_+30.csv,72.70973768831247,70.71594741864683,87.15950740740733
2,30,impulse_288_s,3.91108,3.86967,2_+30_impulse_288_s_12.csv,3.0505827592592567,1.0,OCV_2_+30.csv,70.71594741864683,65.92961239239979,87.15950740740733
2,30,impulse_72_s,3.86967,3.85562,2_+30_impulse_72_s_13.csv,3.0505827592592567,1.0,OCV_2_+30.csv,65.92961239239979,64.60403081818365,87.15950740740733
2,30,impulse_144_s,3.85562,3.82941,2_+30_impulse_144_s_14.csv,3.0505827592592567,1.0,OCV_2_+30.csv,64.60403081818365,62.30503171194782,87.15950740740733
2,30,impulse_288_s,3.82941,3.78614,2_+30_impulse_288_s_15.csv,3.0505827592592567,1.0,OCV_2_+30.csv,62.30503171194782,57.92194386368827,87.15950740740733
2,30,impulse_72_s,3.78614,3.77538,2_+30_impulse_72_s_16.csv,3.0505827592592567,1.0,OCV_2_+30.csv,57.92194386368827,56.77644324291762,87.15950740740733
2,30,impulse_144_s,3.77538,3.7541,2_+30_impulse_144_s_17.csv,3.0505827592592567,1.0,OCV_2_+30.csv,56.77644324291762,54.51020958236597,87.15950740740733
2,30,impulse_288_s,3.7541,3.71187,2_+30_impulse_288_s_18.csv,3.0505827592592567,1.0,OCV_2_+30.csv,54.51020958236597,50.14260147222493,87.15950740740733
2,30,impulse_72_s,3.71187,3.70178,2_+30_impulse_72_s_19.csv,3.0505827592592567,1.0,OCV_2_+30.csv,50.14260147222493,49.098493136130266,87.15950740740733
2,30,impulse_144_s,3.70178,3.68288,2_+30_impulse_144_s_20.csv,3.0505827592592567,1.0,OCV_2_+30.csv,49.098493136130266,47.055167704484646,87.15950740740733
2,30,impulse_288_s,3.68288,3.65001,2_+30_impulse_288_s_21.csv,3.0505827592592567,1.0,OCV_2_+30.csv,47.055167704484646,43.148855790274176,87.15950740740733
2,30,impulse_72_s,3.65001,3.64289,2_+30_impulse_72_s_22.csv,3.0505827592592567,1.0,OCV_2_+30.csv,43.148855790274176,42.23322928056324,87.15950740740733
2,30,impulse_144_s,3.64289,3.6267900000000006,2_+30_impulse_144_s_23.csv,3.0505827592592567,1.0,OCV_2_+30.csv,42.23322928056324,40.0660659439695,87.15950740740733
2,30,impulse_288_s,3.6267900000000006,3.58732,2_+30_impulse_288_s_24.csv,3.0505827592592567,1.0,OCV_2_+30.csv,40.0660659439695,34.962396286290804,87.15950740740733
2,30,impulse_72_s,3.58732,3.57614,2_+30_impulse_72_s_25.csv,3.0505827592592567,1.0,OCV_2_+30.csv,34.962396286290804,33.680673970076725,87.15950740740733
2,30,impulse_144_s,3.57614,3.556399999999999,2_+30_impulse_144_s_26.csv,3.0505827592592567,1.0,OCV_2_+30.csv,33.680673970076725,31.530538345413127,87.15950740740733
2,30,impulse_288_s,3.556399999999999,3.5113800000000004,2_+30_impulse_288_s_27.csv,3.0505827592592567,1.0,OCV_2_+30.csv,31.530538345413127,26.891260831290495,87.15950740740733
2,30,UDDS,4.10412,3.95304,2_+30_UDDS_01.csv,3.0505827592592567,1.0,OCV_2_+30.csv,97.1042569892948,75.32581343034278,87.15950740740733
2,30,UDDS,3.95304,3.74509,2_+30_UDDS_02.csv,3.0505827592592567,1.0,OCV_2_+30.csv,75.32581343034278,53.57291143928943,87.15950740740733
2,30,UDDS,3.74509,3.5690600000000003,2_+30_UDDS_03.csv,3.0505827592592567,1.0,OCV_2_+30.csv,53.57291143928943,32.90513909033849,87.15950740740733
2,30,NEDC,4.10564,3.94315,2_+30_NEDC_01.csv,3.0505827592592567,1.0,OCV_2_+30.csv,97.2219029989956,74.30492470142619,87.15950740740733
2,30,NEDC,3.94315,3.7224,2_+30_NEDC_02.csv,3.0505827592592567,1.0,OCV_2_+30.csv,74.30492470142619,51.220765232179986,87.15950740740733
2,30,NEDC,3.7224,3.5324,2_+30_NEDC_03.csv,3.0505827592592567,1.0,OCV_2_+30.csv,51.220765232179986,28.88608308349803,87.15950740740733
2,30,WLTC,4.10591,3.88192,2_+30_WLTC_01.csv,3.0505827592592567,1.0,OCV_2_+30.csv,97.24280064545556,67.22836242054377,87.15950740740733
2,30,WLTC,3.88192,3.658830000000001,2_+30_WLTC_02.csv,3.0505827592592567,1.0,OCV_2_+30.csv,67.22836242054377,44.257205039560816,87.15950740740733
2,30,WLTC,3.658830000000001,3.45878,2_+30_WLTC_03.csv,3.0505827592592567,1.0,OCV_2_+30.csv,44.257205039560816,22.264367107662498,87.15950740740733
3,30,impulse_72_s,4.1029,4.09574,3_+30_impulse_72_s_01.csv,3.1096894722222177,1.0,OCV_3_+30.csv,97.27926269689505,96.68247213310698,88.8482706349205
3,30,impulse_144_s,4.09574,4.086180000000001,3_+30_impulse_144_s_02.csv,3.1096894722222177,1.0,OCV_3_+30.csv,96.68247213310698,95.67415423398423,88.8482706349205
3,30,impulse_288_s,4.086180000000001,4.07288,3_+30_impulse_288_s_03.csv,3.1096894722222177,1.0,OCV_3_+30.csv,95.67415423398423,93.45706969675614,88.8482706349205
3,30,impulse_72_s,4.07288,4.06864,3_+30_impulse_72_s_04.csv,3.1096894722222177,1.0,OCV_3_+30.csv,93.45706969675614,92.41838077657545,88.8482706349205
3,30,impulse_144_s,4.06864,4.05377,3_+30_impulse_144_s_05.csv,3.1096894722222177,1.0,OCV_3_+30.csv,92.41838077657545,88.18617899215465,88.8482706349205
3,30,impulse_288_s,4.05377,4.009060000000001,3_+30_impulse_288_s_06.csv,3.1096894722222177,1.0,OCV_3_+30.csv,88.18617899215465,81.70348454734224,88.8482706349205
3,30,impulse_72_s,4.009060000000001,3.99747,3_+30_impulse_72_s_07.csv,3.1096894722222177,1.0,OCV_3_+30.csv,81.70348454734224,80.51218124634539,88.8482706349205
3,30,impulse_144_s,3.99747,3.97412,3_+30_impulse_144_s_08.csv,3.1096894722222177,1.0,OCV_3_+30.csv,80.51218124634539,78.22296553410487,88.8482706349205
3,30,impulse_288_s,3.97412,3.93358,3_+30_impulse_288_s_09.csv,3.1096894722222177,1.0,OCV_3_+30.csv,78.22296553410487,74.09706232338684,88.8482706349205
3,30,impulse_72_s,3.93358,3.92524,3_+30_impulse_72_s_10.csv,3.1096894722222177,1.0,OCV_3_+30.csv,74.09706232338684,73.17530183427907,88.8482706349205
3,30,impulse_144_s,3.92524,3.9083,3_+30_impulse_144_s_11.csv,3.1096894722222177,1.0,OCV_3_+30.csv,73.17530183427907,71.17537009761521,88.8482706349205
3,30,impulse_288_s,3.9083,3.86884,3_+30_impulse_288_s_12.csv,3.1096894722222177,1.0,OCV_3_+30.csv,71.17537009761521,66.5544192436531,88.8482706349205
3,30,impulse_72_s,3.86884,3.85713,3_+30_impulse_72_s_13.csv,3.1096894722222177,1.0,OCV_3_+30.csv,66.5544192436531,65.3919684126613,88.8482706349205
3,30,impulse_144_s,3.85713,3.830539999999999,3_+30_impulse_144_s_14.csv,3.1096894722222177,1.0,OCV_3_+30.csv,65.3919684126613,63.00860253514119,88.8482706349205
3,30,impulse_288_s,3.830539999999999,3.78445,3_+30_impulse_288_s_15.csv,3.1096894722222177,1.0,OCV_3_+30.csv,63.00860253514119,58.70806595334018,88.8482706349205
3,30,impulse_72_s,3.78445,3.77302,3_+30_impulse_72_s_16.csv,3.1096894722222177,1.0,OCV_3_+30.csv,58.70806595334018,57.570671214721166,88.8482706349205
3,30,impulse_144_s,3.77302,3.75154,3_+30_impulse_144_s_17.csv,3.1096894722222177,1.0,OCV_3_+30.csv,57.570671214721166,55.380920596445335,88.8482706349205
3,30,impulse_288_s,3.75154,3.70968,3_+30_impulse_288_s_18.csv,3.1096894722222177,1.0,OCV_3_+30.csv,55.380920596445335,51.15023736307747,88.8482706349205
3,30,impulse_72_s,3.70968,3.69962,3_+30_impulse_72_s_19.csv,3.1096894722222177,1.0,OCV_3_+30.csv,51.15023736307747,50.106992789738,88.8482706349205
3,30,impulse_144_s,3.69962,3.68113,3_+30_impulse_144_s_20.csv,3.1096894722222177,1.0,OCV_3_+30.csv,50.106992789738,48.11085743070641,88.8482706349205
3,30,impulse_288_s,3.68113,3.64915,3_+30_impulse_288_s_21.csv,3.1096894722222177,1.0,OCV_3_+30.csv,48.11085743070641,44.281830950829544,88.8482706349205
3,30,impulse_72_s,3.64915,3.64221,3_+30_impulse_72_s_22.csv,3.1096894722222177,1.0,OCV_3_+30.csv,44.281830950829544,43.364626114880416,88.8482706349205
3,30,impulse_144_s,3.64221,3.62749,3_+30_impulse_144_s_23.csv,3.1096894722222177,1.0,OCV_3_+30.csv,43.364626114880416,41.350268143214024,88.8482706349205
3,30,impulse_288_s,3.62749,3.59266,3_+30_impulse_288_s_24.csv,3.1096894722222177,1.0,OCV_3_+30.csv,41.350268143214024,36.57214725527723,88.8482706349205
3,30,impulse_72_s,3.59266,3.58177,3_+30_impulse_72_s_25.csv,3.1096894722222177,1.0,OCV_3_+30.csv,36.57214725527723,35.198617827932914,88.8482706349205
3,30,impulse_144_s,3.58177,3.56254,3_+30_impulse_144_s_26.csv,3.1096894722222177,1.0,OCV_3_+30.csv,35.198617827932914,32.95647719833215,88.8482706349205
3,30,impulse_288_s,3.56254,3.51986,3_+30_impulse_288_s_27.csv,3.1096894722222177,1.0,OCV_3_+30.csv,32.95647719833215,28.362860263322194,88.8482706349205
3,30,UDDS,4.10215,3.95312,3_+30_UDDS_01.csv,3.1096894722222177,1.0,OCV_3_+30.csv,97.2185206547792,76.15166189795497,88.8482706349205
3,30,UDDS,3.95312,3.74639,3_+30_UDDS_02.csv,3.1096894722222177,1.0,OCV_3_+30.csv,76.15166189795497,54.872205993725224,88.8482706349205
3,30,UDDS,3.74639,3.5788200000000003,3_+30_UDDS_03.csv,3.1096894722222177,1.0,OCV_3_+30.csv,54.872205993725224,34.847073259187546,88.8482706349205
3,30,NEDC,4.10318,3.9408,3_+30_NEDC_01.csv,3.1096894722222177,1.0,OCV_3_+30.csv,97.30052241163558,74.8781037482596,88.8482706349205
3,30,NEDC,3.9408,3.72085,3_+30_NEDC_02.csv,3.1096894722222177,1.0,OCV_3_+30.csv,74.8781037482596,52.28079862195843,88.8482706349205
3,30,NEDC,3.72085,3.5414000000000003,3_+30_NEDC_03.csv,3.1096894722222177,1.0,OCV_3_+30.csv,52.28079862195843,30.59968596423781,88.8482706349205
3,30,WLTC,4.10287,3.87883,3_+30_WLTC_01.csv,3.1096894722222177,1.0,OCV_3_+30.csv,97.27698487031572,67.62601010331326,88.8482706349205
3,30,WLTC,3.87883,3.65731,3_+30_WLTC_02.csv,3.1096894722222177,1.0,OCV_3_+30.csv,67.62601010331326,45.30837146258709,88.8482706349205
3,30,WLTC,3.65731,3.4657,3_+30_WLTC_03.csv,3.1096894722222177,1.0,OCV_3_+30.csv,45.30837146258709,23.57638734459444,88.8482706349205
4,30,impulse_72_s,4.1123400000000006,4.10508,4_+30_impulse_72_s_01.csv,3.424433888888891,0.9924197562530797,OCV_4_+30.csv,96.35307658043253,95.59739612002868,97.84096825396831
4,30,impulse_144_s,4.10508,4.094790000000001,4_+30_impulse_144_s_02.csv,3.424433888888891,0.9924197562530797,OCV_4_+30.csv,95.59739612002868,94.21156284117843,97.84096825396831
4,30,impulse_288_s,4.094790000000001,4.07978,4_+30_impulse_288_s_03.csv,3.424433888888891,0.9924197562530797,OCV_4_+30.csv,94.21156284117843,91.12132943520226,97.84096825396831
4,30,impulse_72_s,4.07978,4.075010000000001,4_+30_impulse_72_s_04.csv,3.424433888888891,0.9924197562530797,OCV_4_+30.csv,91.12132943520226,89.84443387046889,97.84096825396831
4,30,impulse_144_s,4.075010000000001,4.06152,4_+30_impulse_144_s_05.csv,3.424433888888891,0.9924197562530797,OCV_4_+30.csv,89.84443387046889,86.67152499875047,97.84096825396831
4,30,impulse_288_s,4.06152,4.02249,4_+30_impulse_288_s_06.csv,3.424433888888891,0.9924197562530797,OCV_4_+30.csv,86.67152499875047,82.13229134439557,97.84096825396831
4,30,impulse_72_s,4.02249,4.01158,4_+30_impulse_72_s_07.csv,3.424433888888891,0.9924197562530797,OCV_4_+30.csv,82.13229134439557,81.11879860325944,97.84096825396831
4,30,impulse_144_s,4.01158,3.98947,4_+30_impulse_144_s_08.csv,3.424433888888891,0.9924197562530797,OCV_4_+30.csv,81.11879860325944,79.15999146222477,97.84096825396831
4,30,impulse_288_s,3.98947,3.94937,4_+30_impulse_288_s_09.csv,3.424433888888891,0.9924197562530797,OCV_4_+30.csv,79.15999146222477,75.45757089992851,97.84096825396831
4,30,impulse_72_s,3.94937,3.94058,4_+30_impulse_72_s_10.csv,3.424433888888891,0.9924197562530797,OCV_4_+30.csv,75.45757089992851,74.57435922228055,97.84096825396831
4,30,impulse_144_s,3.94058,3.924,4_+30_impulse_144_s_11.csv,3.424433888888891,0.9924197562530797,OCV_4_+30.csv,74.57435922228055,72.7844688900424,97.84096825396831
4,30,impulse_288_s,3.924,3.89346,4_+30_impulse_288_s_12.csv,3.424433888888891,0.9924197562530797,OCV_4_+30.csv,72.7844688900424,69.16902134080452,97.84096825396831
4,30,impulse_72_s,3.89346,3.88586,4_+30_impulse_72_s_13.csv,3.424433888888891,0.9924197562530797,OCV_4_+30.csv,69.16902134080452,68.2451800765307,97.84096825396831
4,30,impulse_144_s,3.88586,3.86933,4_+30_impulse_144_s_14.csv,3.424433888888891,0.9924197562530797,OCV_4_+30.csv,68.2451800765307,66.32645093054542,97.84096825396831
4,30,impulse_288_s,3.86933,3.82038,4_+30_impulse_288_s_15.csv,3.424433888888891,0.9924197562530797,OCV_4_+30.csv,66.32645093054542,61.89687043703015,97.84096825396831
4,30,impulse_72_s,3.82038,3.80104,4_+30_impulse_72_s_16.csv,3.424433888888891,0.9924197562530797,OCV_4_+30.csv,61.89687043703015,60.449031775619666,97.84096825396831
4,30,impulse_144_s,3.80104,3.77691,4_+30_impulse_144_s_17.csv,3.424433888888891,0.9924197562530797,OCV_4_+30.csv,60.449031775619666,58.43111510780395,97.84096825396831
4,30,impulse_288_s,3.77691,3.73651,4_+30_impulse_288_s_18.csv,3.424433888888891,0.9924197562530797,OCV_4_+30.csv,58.43111510780395,54.51576397352907,97.84096825396831
4,30,impulse_72_s,3.73651,3.7267,4_+30_impulse_72_s_19.csv,3.424433888888891,0.9924197562530797,OCV_4_+30.csv,54.51576397352907,53.53535861536854,97.84096825396831
4,30,impulse_144_s,3.7267,3.7081,4_+30_impulse_144_s_20.csv,3.424433888888891,0.9924197562530797,OCV_4_+30.csv,53.53535861536854,51.632465014625865,97.84096825396831
4,30,impulse_288_s,3.7081,3.6758,4_+30_impulse_288_s_21.csv,3.424433888888891,0.9924197562530797,OCV_4_+30.csv,51.632465014625865,48.03362199418192,97.84096825396831
4,30,impulse_72_s,3.6758,3.66891,4_+30_impulse_72_s_22.csv,3.424433888888891,0.9924197562530797,OCV_4_+30.csv,48.03362199418192,47.18018003840696,97.84096825396831
4,30,impulse_144_s,3.66891,3.65601,4_+30_impulse_144_s_23.csv,3.424433888888891,0.9924197562530797,OCV_4_+30.csv,47.18018003840696,45.47032726631059,97.84096825396831
4,30,impulse_288_s,3.65601,3.63313,4_+30_impulse_288_s_24.csv,3.424433888888891,0.9924197562530797,OCV_4_+30.csv,45.47032726631059,42.067459055003724,97.84096825396831
4,30,impulse_72_s,3.63313,3.62748,4_+30_impulse_72_s_25.csv,3.424433888888891,0.9924197562530797,OCV_4_+30.csv,42.067459055003724,41.164311397669984,97.84096825396831
4,30,impulse_144_s,3.62748,3.61485,4_+30_impulse_144_s_26.csv,3.424433888888891,0.9924197562530797,OCV_4_+30.csv,41.164311397669984,39.17813760836088,97.84096825396831
4,30,impulse_288_s,3.61485,3.5805,4_+30_impulse_288_s_27.csv,3.424433888888891,0.9924197562530797,OCV_4_+30.csv,39.17813760836088,34.39682622858884,97.84096825396831
4,30,UDDS,4.11921,3.97712,4_+30_UDDS_01.csv,3.424433888888891,0.9924197562530797,OCV_4_+30.csv,96.93706605087378,78.06026386734722,97.84096825396831
4,30,UDDS,3.97712,3.78622,4_+30_UDDS_02.csv,3.424433888888891,0.9924197562530797,OCV_4_+30.csv,78.06026386734722,59.252215951560565,97.84096825396831
4,30,UDDS,3.78622,3.63007,4_+30_UDDS_03.csv,3.424433888888891,0.9924197562530797,OCV_4_+30.csv,59.252215951560565,41.576577431585385,97.84096825396831
4,30,NEDC,4.112559999999999,3.9569,4_+30_NEDC_01.csv,3.424433888888891,0.9924197562530797,OCV_4_+30.csv,96.36824534879823,76.19735254429126,97.84096825396831
4,30,NEDC,3.9569,3.74929,4_+30_NEDC_02.csv,3.424433888888891,0.9924197562530797,OCV_4_+30.csv,76.19735254429126,55.78225068073981,97.84096825396831
4,30,NEDC,3.74929,3.5969900000000004,4_+30_NEDC_03.csv,3.424433888888891,0.9924197562530797,OCV_4_+30.csv,55.78225068073981,36.53348109498111,97.84096825396831
4,30,WLTC,4.11265,3.90199,4_+30_WLTC_01.csv,3.424433888888891,0.9924197562530797,OCV_4_+30.csv,96.37445075403882,70.2183431995188,97.84096825396831
4,30,WLTC,3.90199,3.6873,4_+30_WLTC_02.csv,3.424433888888891,0.9924197562530797,OCV_4_+30.csv,70.2183431995188,49.38488345978339,97.84096825396831
4,30,WLTC,3.6873,3.5384,4_+30_WLTC_03.csv,3.424433888888891,0.9924197562530797,OCV_4_+30.csv,49.38488345978339,29.501661885934546,97.84096825396831
5,30,impulse_72_s,4.11241,4.10516,5_+30_impulse_72_s_01.csv,3.430343814814815,0.9925083816880632,OCV_5_+30.csv,96.37173287122052,95.62148413522023,98.00982328042328
5,30,impulse_144_s,4.10516,4.09498,5_+30_impulse_144_s_02.csv,3.430343814814815,0.9925083816880632,OCV_5_+30.csv,95.62148413522023,94.24763415626926,98.00982328042328
5,30,impulse_288_s,4.09498,4.07998,5_+30_impulse_288_s_03.csv,3.430343814814815,0.9925083816880632,OCV_5_+30.csv,94.24763415626926,91.13651095744235,98.00982328042328
5,30,impulse_72_s,4.07998,4.075200000000001,5_+30_impulse_72_s_04.csv,3.430343814814815,0.9925083816880632,OCV_5_+30.csv,91.13651095744235,89.84525716961092,98.00982328042328
5,30,impulse_144_s,4.075200000000001,4.061680000000001,5_+30_impulse_144_s_05.csv,3.430343814814815,0.9925083816880632,OCV_5_+30.csv,89.84525716961092,86.70109549433626,98.00982328042328
5,30,impulse_288_s,4.061680000000001,4.022710000000001,5_+30_impulse_288_s_06.csv,3.430343814814815,0.9925083816880632,OCV_5_+30.csv,86.70109549433626,82.16449969710864,98.00982328042328
5,30,impulse_72_s,4.022710000000001,4.011819999999999,5_+30_impulse_72_s_07.csv,3.430343814814815,0.9925083816880632,OCV_5_+30.csv,82.16449969710864,81.16026767341641,98.00982328042328
5,30,impulse_144_s,4.011819999999999,3.98977,5_+30_impulse_144_s_08.csv,3.430343814814815,0.9925083816880632,OCV_5_+30.csv,81.16026767341641,79.19516662636983,98.00982328042328
5,30,impulse_288_s,3.98977,3.9498000000000006,5_+30_impulse_288_s_09.csv,3.430343814814815,0.9925083816880632,OCV_5_+30.csv,79.19516662636983,75.51481801041247,98.00982328042328
5,30,impulse_72_s,3.9498000000000006,3.94103,5_+30_impulse_72_s_10.csv,3.430343814814815,0.9925083816880632,OCV_5_+30.csv,75.51481801041247,74.62415574950926,98.00982328042328
5,30,impulse_144_s,3.94103,3.92449,5_+30_impulse_144_s_11.csv,3.430343814814815,0.9925083816880632,OCV_5_+30.csv,74.62415574950926,72.85040254522195,98.00982328042328
5,30,impulse_288_s,3.92449,3.89406,5_+30_impulse_288_s_12.csv,3.430343814814815,0.9925083816880632,OCV_5_+30.csv,72.85040254522195,69.2320010726033,98.00982328042328
5,30,impulse_72_s,3.89406,3.88644,5_+30_impulse_72_s_13.csv,3.430343814814815,0.9925083816880632,OCV_5_+30.csv,69.2320010726033,68.3041705256963,98.00982328042328
5,30,impulse_144_s,3.88644,3.86997,5_+30_impulse_144_s_14.csv,3.430343814814815,0.9925083816880632,OCV_5_+30.csv,68.3041705256963,66.38587398695022,98.00982328042328
5,30,impulse_288_s,3.86997,3.8229,5_+30_impulse_288_s_15.csv,3.430343814814815,0.9925083816880632,OCV_5_+30.csv,66.38587398695022,62.05852187389078,98.00982328042328
5,30,impulse_72_s,3.8229,3.802880000000001,5_+30_impulse_72_s_16.csv,3.430343814814815,0.9925083816880632,OCV_5_+30.csv,62.05852187389078,60.56215421144596,98.00982328042328
5,30,impulse_144_s,3.802880000000001,3.77783,5_+30_impulse_144_s_17.csv,3.430343814814815,0.9925083816880632,OCV_5_+30.csv,60.56215421144596,58.49036641753634,98.00982328042328
5,30,impulse_288_s,3.77783,3.73721,5_+30_impulse_288_s_18.csv,3.430343814814815,0.9925083816880632,OCV_5_+30.csv,58.49036641753634,54.57806016485149,98.00982328042328
5,30,impulse_72_s,3.73721,3.72744,5_+30_impulse_72_s_19.csv,3.430343814814815,0.9925083816880632,OCV_5_+30.csv,54.57806016485149,53.60480171282892,98.00982328042328
5,30,impulse_144_s,3.72744,3.7089,5_+30_impulse_144_s_20.csv,3.430343814814815,0.9925083816880632,OCV_5_+30.csv,53.60480171282892,51.71334893619658,98.00982328042328
5,30,impulse_288_s,3.7089,3.67653,5_+30_impulse_288_s_21.csv,3.430343814814815,0.9925083816880632,OCV_5_+30.csv,51.71334893619658,48.1107784002099,98.00982328042328
5,30,impulse_72_s,3.67653,3.669620000000001,5_+30_impulse_72_s_22.csv,3.430343814814815,0.9925083816880632,OCV_5_+30.csv,48.1107784002099,47.25453121894007,98.00982328042328
5,30,impulse_144_s,3.669620000000001,3.6567,5_+30_impulse_144_s_23.csv,3.430343814814815,0.9925083816880632,OCV_5_+30.csv,47.25453121894007,45.54616666595619,98.00982328042328
5,30,impulse_288_s,3.6567,3.63376,5_+30_impulse_288_s_24.csv,3.430343814814815,0.9925083816880632,OCV_5_+30.csv,45.54616666595619,42.15421641732437,98.00982328042328
5,30,impulse_72_s,3.63376,3.6281000000000008,5_+30_impulse_72_s_25.csv,3.430343814814815,0.9925083816880632,OCV_5_+30.csv,42.15421641732437,41.278696791460035,98.00982328042328
5,30,impulse_144_s,3.6281000000000008,3.61567,5_+30_impulse_144_s_26.csv,3.430343814814815,0.9925083816880632,OCV_5_+30.csv,41.278696791460035,39.30602442689448,98.00982328042328
5,30,impulse_288_s,3.61567,3.58151,5_+30_impulse_288_s_27.csv,3.430343814814815,0.9925083816880632,OCV_5_+30.csv,39.30602442689448,34.50718572286421,98.00982328042328
5,30,UDDS,4.119190000000001,3.9774,5_+30_UDDS_01.csv,3.430343814814815,0.9925083816880632,OCV_5_+30.csv,96.96849035205753,78.1028319988171,98.00982328042328
5,30,UDDS,3.9774,3.7874,5_+30_UDDS_02.csv,3.430343814814815,0.9925083816880632,OCV_5_+30.csv,78.1028319988171,59.32596455102678,98.00982328042328
5,30,UDDS,3.7874,3.63071,5_+30_UDDS_03.csv,3.430343814814815,0.9925083816880632,OCV_5_+30.csv,59.32596455102678,41.671717000869236,98.00982328042328
5,30,NEDC,4.112700000000001,3.9574,5_+30_NEDC_01.csv,3.430343814814815,0.9925083816880632,OCV_5_+30.csv,96.40477134766839,76.25818373048611,98.00982328042328
5,30,NEDC,3.9574,3.7502400000000007,5_+30_NEDC_02.csv,3.430343814814815,0.9925083816880632,OCV_5_+30.csv,76.25818373048611,55.86656074631283,98.00982328042328
5,30,NEDC,3.7502400000000007,3.59803,5_+30_NEDC_03.csv,3.430343814814815,0.9925083816880632,OCV_5_+30.csv,55.86656074631283,36.68497196204261,98.00982328042328
5,30,WLTC,4.112830000000001,3.90271,5_+30_WLTC_01.csv,3.430343814814815,0.9925083816880632,OCV_5_+30.csv,96.41578417315097,70.2912972237085,98.00982328042328
5,30,WLTC,3.90271,3.68821,5_+30_WLTC_02.csv,3.430343814814815,0.9925083816880632,OCV_5_+30.csv,70.2912972237085,49.47705706164136,98.00982328042328
5,30,WLTC,3.68821,3.53972,5_+30_WLTC_03.csv,3.430343814814815,0.9925083816880632,OCV_5_+30.csv,49.47705706164136,29.66291911371834,98.00982328042328
1,35,impulse_72_s,4.1128100000000005,4.10557,1_+35_impulse_72_s_01.csv,3.291450101851854,0.9917232418533314,OCV_1_+35.csv,96.23228938682516,95.44752045585314,94.04143148148154
1,35,impulse_144_s,4.10557,4.09536,1_+35_impulse_144_s_02.csv,3.291450101851854,0.9917232418533314,OCV_1_+35.csv,95.44752045585314,94.0164305212188,94.04143148148154
1,35,impulse_288_s,4.09536,4.08127,1_+35_impulse_288_s_03.csv,3.291450101851854,0.9917232418533314,OCV_1_+35.csv,94.0164305212188,90.9332825275519,94.04143148148154
1,35,impulse_72_s,4.08127,4.07697,1_+35_impulse_72_s_04.csv,3.291450101851854,0.9917232418533314,OCV_1_+35.csv,90.9332825275519,89.65641370987301,94.04143148148154
1,35,impulse_144_s,4.07697,4.06388,1_+35_impulse_144_s_05.csv,3.291450101851854,0.9917232418533314,OCV_1_+35.csv,89.65641370987301,86.12281413923861,94.04143148148154
1,35,impulse_288_s,4.06388,4.024150000000001,1_+35_impulse_288_s_06.csv,3.291450101851854,0.9917232418533314,OCV_1_+35.csv,86.12281413923861,81.30031964324989,94.04143148148154
1,35,impulse_72_s,4.024150000000001,4.012780000000001,1_+35_impulse_72_s_07.csv,3.291450101851854,0.9917232418533314,OCV_1_+35.csv,81.30031964324989,80.23370938460745,94.04143148148154
1,35,impulse_144_s,4.012780000000001,3.99032,1_+35_impulse_144_s_08.csv,3.291450101851854,0.9917232418533314,OCV_1_+35.csv,80.23370938460745,78.19228393622508,94.04143148148154
1,35,impulse_288_s,3.99032,3.9499,1_+35_impulse_288_s_09.csv,3.291450101851854,0.9917232418533314,OCV_1_+35.csv,78.19228393622508,74.33168394867727,94.04143148148154
1,35,impulse_72_s,3.9499,3.94108,1_+35_impulse_72_s_10.csv,3.291450101851854,0.9917232418533314,OCV_1_+35.csv,74.33168394867727,73.40493099277046,94.04143148148154
1,35,impulse_144_s,3.94108,3.92446,1_+35_impulse_144_s_11.csv,3.291450101851854,0.9917232418533314,OCV_1_+35.csv,73.40493099277046,71.52415746418525,94.04143148148154
1,35,impulse_288_s,3.92446,3.89389,1_+35_impulse_288_s_12.csv,3.291450101851854,0.9917232418533314,OCV_1_+35.csv,71.52415746418525,67.68077379920501,94.04143148148154
1,35,impulse_72_s,3.89389,3.886060000000001,1_+35_impulse_72_s_13.csv,3.291450101851854,0.9917232418533314,OCV_1_+35.csv,67.68077379920501,66.65785417876359,94.04143148148154
1,35,impulse_144_s,3.886060000000001,3.8691300000000006,1_+35_impulse_144_s_14.csv,3.291450101851854,0.9917232418533314,OCV_1_+35.csv,66.65785417876359,64.60203959804005,94.04143148148154
1,35,impulse_288_s,3.8691300000000006,3.81622,1_+35_impulse_288_s_15.csv,3.291450101851854,0.9917232418533314,OCV_1_+35.csv,64.60203959804005,59.85055399326716,94.04143148148154
1,35,impulse_72_s,3.81622,3.79831,1_+35_impulse_72_s_16.csv,3.291450101851854,0.9917232418533314,OCV_1_+35.csv,59.85055399326716,58.58735696115641,94.04143148148154
1,35,impulse_144_s,3.79831,3.77444,1_+35_impulse_144_s_17.csv,3.291450101851854,0.9917232418533314,OCV_1_+35.csv,58.58735696115641,56.62308145499669,94.04143148148154
1,35,impulse_288_s,3.77444,3.73279,1_+35_impulse_288_s_18.csv,3.291450101851854,0.9917232418533314,OCV_1_+35.csv,56.62308145499669,52.57399086658685,94.04143148148154
1,35,impulse_72_s,3.73279,3.72272,1_+35_impulse_72_s_19.csv,3.291450101851854,0.9917232418533314,OCV_1_+35.csv,52.57399086658685,51.559696286176376,94.04143148148154
1,35,impulse_144_s,3.72272,3.7037,1_+35_impulse_144_s_20.csv,3.291450101851854,0.9917232418533314,OCV_1_+35.csv,51.559696286176376,49.59130517872328,94.04143148148154
1,35,impulse_288_s,3.7037,3.67105,1_+35_impulse_288_s_21.csv,3.291450101851854,0.9917232418533314,OCV_1_+35.csv,49.59130517872328,45.85392848813726,94.04143148148154
1,35,impulse_72_s,3.67105,3.66404,1_+35_impulse_72_s_22.csv,3.291450101851854,0.9917232418533314,OCV_1_+35.csv,45.85392848813726,44.94576747272801,94.04143148148154
1,35,impulse_144_s,3.66404,3.651040000000001,1_+35_impulse_144_s_23.csv,3.291450101851854,0.9917232418533314,OCV_1_+35.csv,44.94576747272801,43.14092299028777,94.04143148148154
1,35,impulse_288_s,3.651040000000001,3.62762,1_+35_impulse_288_s_24.csv,3.291450101851854,0.9917232418533314,OCV_1_+35.csv,43.14092299028777,39.551345053189664,94.04143148148154
1,35,impulse_72_s,3.62762,3.62168,1_+35_impulse_72_s_25.csv,3.291450101851854,0.9917232418533314,OCV_1_+35.csv,39.551345053189664,38.584361602343236,94.04143148148154
1,35,impulse_144_s,3.62168,3.60561,1_+35_impulse_144_s_26.csv,3.291450101851854,0.9917232418533314,OCV_1_+35.csv,38.584361602343236,36.063613479198935,94.04143148148154
1,35,impulse_288_s,3.60561,3.57072,1_+35_impulse_288_s_27.csv,3.291450101851854,0.9917232418533314,OCV_1_+35.csv,36.063613479198935,31.666387468737298,94.04143148148154
1,35,UDDS,4.120559999999999,3.97902,1_+35_UDDS_01.csv,3.291450101851854,0.9917232418533314,OCV_1_+35.csv,96.91734711626324,77.16652868618402,94.04143148148154
1,35,UDDS,3.97902,3.78322,1_+35_UDDS_02.csv,3.291450101851854,0.9917232418533314,OCV_1_+35.csv,77.16652868618402,57.398747114755096,94.04143148148154
1,35,UDDS,3.78322,3.6253,1_+35_UDDS_03.csv,3.291450101851854,0.9917232418533314,OCV_1_+35.csv,57.398747114755096,39.16110840833772,94.04143148148154
1,35,NEDC,4.11324,3.9578800000000007,1_+35_NEDC_01.csv,3.291450101851854,0.9917232418533314,OCV_1_+35.csv,96.27748223356355,75.14800769831494,94.04143148148154
1,35,NEDC,3.9578800000000007,3.74611,1_+35_NEDC_02.csv,3.291450101851854,0.9917232418533314,OCV_1_+35.csv,75.14800769831494,53.89578809729121,94.04143148148154
1,35,NEDC,3.74611,3.5870400000000005,1_+35_NEDC_03.csv,3.291450101851854,0.9917232418533314,OCV_1_+35.csv,53.89578809729121,33.61463379091236,94.04143148148154
1,35,WLTC,4.113380000000001,3.9027,1_+35_WLTC_01.csv,3.291450101851854,0.9917232418533314,OCV_1_+35.csv,96.28752508839432,68.80840916984823,94.04143148148154
1,35,WLTC,3.9027,3.6829400000000008,1_+35_WLTC_02.csv,3.291450101851854,0.9917232418533314,OCV_1_+35.csv,68.80840916984823,47.28718734184002,94.04143148148154
1,35,WLTC,3.6829400000000008,3.5272999999999994,1_+35_WLTC_03.csv,3.291450101851854,0.9917232418533314,OCV_1_+35.csv,47.28718734184002,26.478594677498137,94.04143148148154
2,35,impulse_72_s,4.10656,4.09938,2_+35_impulse_72_s_01.csv,3.045937527777773,1.0,OCV_2_+35.csv,96.95565969892557,96.31382119036428,87.02678650793636
2,35,impulse_144_s,4.09938,4.08908,2_+35_impulse_144_s_02.csv,3.045937527777773,1.0,OCV_2_+35.csv,96.31382119036428,95.1309159197549,87.02678650793636
2,35,impulse_288_s,4.08908,4.0755,2_+35_impulse_288_s_03.csv,3.045937527777773,1.0,OCV_2_+35.csv,95.1309159197549,92.68758865044916,87.02678650793636
2,35,impulse_72_s,4.0755,4.071720000000001,2_+35_impulse_72_s_04.csv,3.045937527777773,1.0,OCV_2_+35.csv,92.68758865044916,91.71397854567518,87.02678650793636
2,35,impulse_144_s,4.071720000000001,4.058669999999999,2_+35_impulse_144_s_05.csv,3.045937527777773,1.0,OCV_2_+35.csv,91.71397854567518,87.70636370357107,87.02678650793636
2,35,impulse_288_s,4.058669999999999,4.01535,2_+35_impulse_288_s_06.csv,3.045937527777773,1.0,OCV_2_+35.csv,87.70636370357107,81.11046531063914,87.02678650793636
2,35,impulse_72_s,4.01535,4.00404,2_+35_impulse_72_s_07.csv,3.045937527777773,1.0,OCV_2_+35.csv,81.11046531063914,79.95469089486036,87.02678650793636
2,35,impulse_144_s,4.00404,3.98041,2_+35_impulse_144_s_08.csv,3.045937527777773,1.0,OCV_2_+35.csv,79.95469089486036,77.67337358725678,87.02678650793636
2,35,impulse_288_s,3.98041,3.93844,2_+35_impulse_288_s_09.csv,3.045937527777773,1.0,OCV_2_+35.csv,77.67337358725678,73.47429242677816,87.02678650793636
2,35,impulse_72_s,3.93844,3.9298,2_+35_impulse_72_s_10.csv,3.045937527777773,1.0,OCV_2_+35.csv,73.47429242677816,72.53323934780067,87.02678650793636
2,35,impulse_144_s,3.9298,3.91261,2_+35_impulse_144_s_11.csv,3.045937527777773,1.0,OCV_2_+35.csv,72.53323934780067,70.51935475209763,87.02678650793636
2,35,impulse_288_s,3.91261,3.87265,2_+35_impulse_288_s_12.csv,3.045937527777773,1.0,OCV_2_+35.csv,70.51935475209763,65.77765649500925,87.02678650793636
2,35,impulse_72_s,3.87265,3.85904,2_+35_impulse_72_s_13.csv,3.045937527777773,1.0,OCV_2_+35.csv,65.77765649500925,64.46684862305621,87.02678650793636
2,35,impulse_144_s,3.85904,3.83258,2_+35_impulse_144_s_14.csv,3.045937527777773,1.0,OCV_2_+35.csv,64.46684862305621,62.19870915922747,87.02678650793636
2,35,impulse_288_s,3.83258,3.78897,2_+35_impulse_288_s_15.csv,3.045937527777773,1.0,OCV_2_+35.csv,62.19870915922747,57.841493873451135,87.02678650793636
2,35,impulse_72_s,3.78897,3.77802,2_+35_impulse_72_s_16.csv,3.045937527777773,1.0,OCV_2_+35.csv,57.841493873451135,56.67486711574017,87.02678650793636
2,35,impulse_144_s,3.77802,3.7567600000000008,2_+35_impulse_144_s_17.csv,3.045937527777773,1.0,OCV_2_+35.csv,56.67486711574017,54.42998267033759,87.02678650793636
2,35,impulse_288_s,3.7567600000000008,3.7142399999999993,2_+35_impulse_288_s_18.csv,3.045937527777773,1.0,OCV_2_+35.csv,54.42998267033759,50.0332338532367,87.02678650793636
2,35,impulse_72_s,3.7142399999999993,3.704,2_+35_impulse_72_s_19.csv,3.045937527777773,1.0,OCV_2_+35.csv,50.0332338532367,48.968154009319534,87.02678650793636
2,35,impulse_144_s,3.704,3.68494,2_+35_impulse_144_s_20.csv,3.045937527777773,1.0,OCV_2_+35.csv,48.968154009319534,46.91706138413394,87.02678650793636
2,35,impulse_288_s,3.68494,3.651580000000001,2_+35_impulse_288_s_21.csv,3.045937527777773,1.0,OCV_2_+35.csv,46.91706138413394,42.94975524063445,87.02678650793636
2,35,impulse_72_s,3.651580000000001,3.64424,2_+35_impulse_72_s_22.csv,3.045937527777773,1.0,OCV_2_+35.csv,42.94975524063445,42.010252496218236,87.02678650793636
2,35,impulse_144_s,3.64424,3.62709,2_+35_impulse_144_s_23.csv,3.045937527777773,1.0,OCV_2_+35.csv,42.010252496218236,39.70412983562596,87.02678650793636
2,35,impulse_288_s,3.62709,3.58748,2_+35_impulse_288_s_24.csv,3.045937527777773,1.0,OCV_2_+35.csv,39.70412983562596,34.8260021371025,87.02678650793636
2,35,impulse_72_s,3.58748,3.5764400000000003,2_+35_impulse_72_s_25.csv,3.045937527777773,1.0,OCV_2_+35.csv,34.8260021371025,33.570231142090954,87.02678650793636
2,35,impulse_144_s,3.5764400000000003,3.5571,2_+35_impulse_144_s_26.csv,3.045937527777773,1.0,OCV_2_+35.csv,33.570231142090954,31.46487680724433,87.02678650793636
2,35,impulse_288_s,3.5571,3.5124000000000004,2_+35_impulse_288_s_27.csv,3.045937527777773,1.0,OCV_2_+35.csv,31.46487680724433,26.798369776398804,87.02678650793636
2,35,UDDS,4.10578,3.95554,2_+35_UDDS_01.csv,3.045937527777773,1.0,OCV_2_+35.csv,96.88796175639614,75.24322416172598,87.02678650793636
2,35,UDDS,3.95554,3.74849,2_+35_UDDS_02.csv,3.045937527777773,1.0,OCV_2_+35.csv,75.24322416172598,53.564120817604504,87.02678650793636
2,35,UDDS,3.74849,3.569879999999999,2_+35_UDDS_03.csv,3.045937527777773,1.0,OCV_2_+35.csv,53.564120817604504,32.857077243689126,87.02678650793636
2,35,NEDC,4.106660000000001,3.94428,2_+35_NEDC_01.csv,3.045937527777773,1.0,OCV_2_+35.csv,96.96341137173432,74.0897752477898,87.02678650793636
2,35,NEDC,3.94428,3.72444,2_+35_NEDC_02.csv,3.045937527777773,1.0,OCV_2_+35.csv,74.0897752477898,51.0797096824127,87.02678650793636
2,35,NEDC,3.72444,3.53283,2_+35_NEDC_03.csv,3.045937527777773,1.0,OCV_2_+35.csv,51.0797096824127,28.777371844463335,87.02678650793636
2,35,WLTC,4.10662,3.883150000000001,2_+35_WLTC_01.csv,3.045937527777773,1.0,OCV_2_+35.csv,96.96031070261083,66.9249040706985,87.02678650793636
2,35,WLTC,3.883150000000001,3.65973,2_+35_WLTC_02.csv,3.045937527777773,1.0,OCV_2_+35.csv,66.9249040706985,43.9706505495419,87.02678650793636
2,35,WLTC,3.65973,3.4584,2_+35_WLTC_03.csv,3.045937527777773,1.0,OCV_2_+35.csv,43.9706505495419,22.01558765342252,87.02678650793636
3,35,impulse_72_s,4.10344,4.096259999999999,3_+35_impulse_72_s_01.csv,3.1044798518518517,1.0,OCV_3_+35.csv,96.99937805529193,96.3635585354094,88.69942433862434
3,35,impulse_144_s,4.096259999999999,4.086710000000001,3_+35_impulse_144_s_02.csv,3.1044798518518517,1.0,OCV_3_+35.csv,96.3635585354094,95.2759725145582,88.69942433862434
3,35,impulse_288_s,4.086710000000001,4.07348,3_+35_impulse_288_s_03.csv,3.1044798518518517,1.0,OCV_3_+35.csv,95.2759725145582,92.86807227538625,88.69942433862434
3,35,impulse_72_s,4.07348,4.06931,3_+35_impulse_72_s_04.csv,3.1044798518518517,1.0,OCV_3_+35.csv,92.86807227538625,91.76679636056583,88.69942433862434
3,35,impulse_144_s,4.06931,4.054469999999999,3_+35_impulse_144_s_05.csv,3.1044798518518517,1.0,OCV_3_+35.csv,91.76679636056583,87.57312550813582,88.69942433862434
3,35,impulse_288_s,4.054469999999999,4.00985,3_+35_impulse_288_s_06.csv,3.1044798518518517,1.0,OCV_3_+35.csv,87.57312550813582,81.48188324170322,88.69942433862434
3,35,impulse_72_s,4.00985,3.99821,3_+35_impulse_72_s_07.csv,3.1044798518518517,1.0,OCV_3_+35.csv,81.48188324170322,80.30759455904966,88.69942433862434
3,35,impulse_144_s,3.99821,3.97485,3_+35_impulse_144_s_08.csv,3.1044798518518517,1.0,OCV_3_+35.csv,80.30759455904966,78.03786084234049,88.69942433862434
3,35,impulse_288_s,3.97485,3.93411,3_+35_impulse_288_s_09.csv,3.1044798518518517,1.0,OCV_3_+35.csv,78.03786084234049,73.88931593669665,88.69942433862434
3,35,impulse_72_s,3.93411,3.9256200000000008,3_+35_impulse_72_s_10.csv,3.1044798518518517,1.0,OCV_3_+35.csv,73.88931593669665,72.95383984883154,88.69942433862434
3,35,impulse_144_s,3.9256200000000008,3.90859,3_+35_impulse_144_s_11.csv,3.1044798518518517,1.0,OCV_3_+35.csv,72.95383984883154,70.9208905944708,88.69942433862434
3,35,impulse_288_s,3.90859,3.86957,3_+35_impulse_288_s_12.csv,3.1044798518518517,1.0,OCV_3_+35.csv,70.9208905944708,66.31804402230814,88.69942433862434
3,35,impulse_72_s,3.86957,3.85812,3_+35_impulse_72_s_13.csv,3.1044798518518517,1.0,OCV_3_+35.csv,66.31804402230814,65.18102227323624,88.69942433862434
3,35,impulse_144_s,3.85812,3.83208,3_+35_impulse_144_s_14.csv,3.1044798518518517,1.0,OCV_3_+35.csv,65.18102227323624,62.84157150390835,88.69942433862434
3,35,impulse_288_s,3.83208,3.78619,3_+35_impulse_288_s_15.csv,3.1044798518518517,1.0,OCV_3_+35.csv,62.84157150390835,58.59238052593865,88.69942433862434
3,35,impulse_72_s,3.78619,3.7747,3_+35_impulse_72_s_16.csv,3.1044798518518517,1.0,OCV_3_+35.csv,58.59238052593865,57.45231657820703,88.69942433862434
3,35,impulse_144_s,3.7747,3.75311,3_+35_impulse_144_s_17.csv,3.1044798518518517,1.0,OCV_3_+35.csv,57.45231657820703,55.27790508616918,88.69942433862434
3,35,impulse_288_s,3.75311,3.711239999999999,3_+35_impulse_288_s_18.csv,3.1044798518518517,1.0,OCV_3_+35.csv,55.27790508616918,51.03175630685908,88.69942433862434
3,35,impulse_72_s,3.711239999999999,3.70093,3_+35_impulse_72_s_19.csv,3.1044798518518517,1.0,OCV_3_+35.csv,51.03175630685908,49.97839502092972,88.69942433862434
3,35,impulse_144_s,3.70093,3.68236,3_+35_impulse_144_s_20.csv,3.1044798518518517,1.0,OCV_3_+35.csv,49.97839502092972,47.957614561207926,88.69942433862434
3,35,impulse_288_s,3.68236,3.65007,3_+35_impulse_288_s_21.csv,3.1044798518518517,1.0,OCV_3_+35.csv,47.957614561207926,44.06968467408043,88.69942433862434
3,35,impulse_72_s,3.65007,3.64286,3_+35_impulse_72_s_22.csv,3.1044798518518517,1.0,OCV_3_+35.csv,44.06968467408043,43.12051869224654,88.69942433862434
3,35,impulse_144_s,3.64286,3.62731,3_+35_impulse_144_s_23.csv,3.1044798518518517,1.0,OCV_3_+35.csv,43.12051869224654,40.98793743177988,88.69942433862434
3,35,impulse_288_s,3.62731,3.5917000000000003,3_+35_impulse_288_s_24.csv,3.1044798518518517,1.0,OCV_3_+35.csv,40.98793743177988,36.29382489982552,88.69942433862434
3,35,impulse_72_s,3.5917000000000003,3.58074,3_+35_impulse_72_s_25.csv,3.1044798518518517,1.0,OCV_3_+35.csv,36.29382489982552,34.96894738351562,88.69942433862434
3,35,impulse_144_s,3.58074,3.5618399999999992,3_+35_impulse_144_s_26.csv,3.1044798518518517,1.0,OCV_3_+35.csv,34.96894738351562,32.82115512975033,88.69942433862434
3,35,impulse_288_s,3.5618399999999992,3.51952,3_+35_impulse_288_s_27.csv,3.1044798518518517,1.0,OCV_3_+35.csv,32.82115512975033,28.241125047535668,88.69942433862434
3,35,UDDS,4.103870000000001,3.95522,3_+35_UDDS_01.csv,3.1044798518518517,1.0,OCV_3_+35.csv,97.03664498887358,76.1101209582953,88.69942433862434
3,35,UDDS,3.95522,3.74945,3_+35_UDDS_02.csv,3.1044798518518517,1.0,OCV_3_+35.csv,76.1101209582953,54.896869704038735,88.69942433862434
3,35,UDDS,3.74945,3.57937,3_+35_UDDS_03.csv,3.1044798518518517,1.0,OCV_3_+35.csv,54.896869704038735,34.80847140421517,88.69942433862434
3,35,NEDC,4.1036600000000005,3.94092,3_+35_NEDC_01.csv,3.1044798518518517,1.0,OCV_3_+35.csv,97.02067344591003,74.62096471436034,88.69942433862434
3,35,NEDC,3.94092,3.72175,3_+35_NEDC_02.csv,3.1044798518518517,1.0,OCV_3_+35.csv,74.62096471436034,52.10945518206648,88.69942433862434
3,35,NEDC,3.72175,3.54063,3_+35_NEDC_03.csv,3.1044798518518517,1.0,OCV_3_+35.csv,52.10945518206648,30.45508512214991,88.69942433862434
3,35,WLTC,4.10326,3.8785,3_+35_WLTC_01.csv,3.1044798518518517,1.0,OCV_3_+35.csv,96.98264596266343,67.28622374576535,88.69942433862434
3,35,WLTC,3.8785,3.6578,3_+35_WLTC_02.csv,3.1044798518518517,1.0,OCV_3_+35.csv,67.28622374576535,45.04775154318177,88.69942433862434
3,35,WLTC,3.6578,3.4650499999999997,3_+35_WLTC_03.csv,3.1044798518518517,1.0,OCV_3_+35.csv,45.04775154318177,23.37969158929642,88.69942433862434
4,35,impulse_72_s,4.112349999999999,4.10508,4_+35_impulse_72_s_01.csv,3.4296527777777763,0.9915220086686928,OCV_4_+35.csv,96.26423147791873,95.48594839397624,97.99007936507932
4,35,impulse_144_s,4.10508,4.09494,4_+35_impulse_144_s_02.csv,3.4296527777777763,0.9915220086686928,OCV_4_+35.csv,95.48594839397624,94.06230249525785,97.99007936507932
4,35,impulse_288_s,4.09494,4.0801,4_+35_impulse_288_s_03.csv,3.4296527777777763,0.9915220086686928,OCV_4_+35.csv,94.06230249525785,90.93138140266224,97.99007936507932
4,35,impulse_72_s,4.0801,4.07535,4_+35_impulse_72_s_04.csv,3.4296527777777763,0.9915220086686928,OCV_4_+35.csv,90.93138140266224,89.61646857135023,97.99007936507932
4,35,impulse_144_s,4.07535,4.06177,4_+35_impulse_144_s_05.csv,3.4296527777777763,0.9915220086686928,OCV_4_+35.csv,89.61646857135023,86.48005615512695,97.99007936507932
4,35,impulse_288_s,4.06177,4.02246,4_+35_impulse_288_s_06.csv,3.4296527777777763,0.9915220086686928,OCV_4_+35.csv,86.48005615512695,82.0206478088001,97.99007936507932
4,35,impulse_72_s,4.02246,4.0114,4_+35_impulse_72_s_07.csv,3.4296527777777763,0.9915220086686928,OCV_4_+35.csv,82.0206478088001,81.01838405518058,97.99007936507932
4,35,impulse_144_s,4.0114,3.989209999999999,4_+35_impulse_144_s_08.csv,3.4296527777777763,0.9915220086686928,OCV_4_+35.csv,81.01838405518058,79.05100802505073,97.99007936507932
4,35,impulse_288_s,3.989209999999999,3.9492,4_+35_impulse_288_s_09.csv,3.4296527777777763,0.9915220086686928,OCV_4_+35.csv,79.05100802505073,75.35295793089581,97.99007936507932
4,35,impulse_72_s,3.9492,3.9404,4_+35_impulse_72_s_10.csv,3.4296527777777763,0.9915220086686928,OCV_4_+35.csv,75.35295793089581,74.45807466201923,97.99007936507932
4,35,impulse_144_s,3.9404,3.92386,4_+35_impulse_144_s_11.csv,3.4296527777777763,0.9915220086686928,OCV_4_+35.csv,74.45807466201923,72.65588380207599,97.99007936507932
4,35,impulse_288_s,3.92386,3.89348,4_+35_impulse_288_s_12.csv,3.4296527777777763,0.9915220086686928,OCV_4_+35.csv,72.65588380207599,68.98275524597759,97.99007936507932
4,35,impulse_72_s,3.89348,3.88592,4_+35_impulse_72_s_13.csv,3.4296527777777763,0.9915220086686928,OCV_4_+35.csv,68.98275524597759,68.05757250558018,97.99007936507932
4,35,impulse_144_s,3.88592,3.8694,4_+35_impulse_144_s_14.csv,3.4296527777777763,0.9915220086686928,OCV_4_+35.csv,68.05757250558018,66.10803112829429,97.99007936507932
4,35,impulse_288_s,3.8694,3.81943,4_+35_impulse_288_s_15.csv,3.4296527777777763,0.9915220086686928,OCV_4_+35.csv,66.10803112829429,61.62863371601896,97.99007936507932
4,35,impulse_72_s,3.81943,3.80069,4_+35_impulse_72_s_16.csv,3.4296527777777763,0.9915220086686928,OCV_4_+35.csv,61.62863371601896,60.31035967629165,97.99007936507932
4,35,impulse_144_s,3.80069,3.7770799999999993,4_+35_impulse_144_s_17.csv,3.4296527777777763,0.9915220086686928,OCV_4_+35.csv,60.31035967629165,58.36912007882635,97.99007936507932
4,35,impulse_288_s,3.7770799999999993,3.7367,4_+35_impulse_288_s_18.csv,3.4296527777777763,0.9915220086686928,OCV_4_+35.csv,58.36912007882635,54.48107666659167,97.99007936507932
4,35,impulse_72_s,3.7367,3.72687,4_+35_impulse_72_s_19.csv,3.4296527777777763,0.9915220086686928,OCV_4_+35.csv,54.48107666659167,53.506269531110476,97.99007936507932
4,35,impulse_144_s,3.72687,3.70828,4_+35_impulse_144_s_20.csv,3.4296527777777763,0.9915220086686928,OCV_4_+35.csv,53.506269531110476,51.60218951005195,97.99007936507932
4,35,impulse_288_s,3.70828,3.67602,4_+35_impulse_288_s_21.csv,3.4296527777777763,0.9915220086686928,OCV_4_+35.csv,51.60218951005195,47.978296582763406,97.99007936507932
4,35,impulse_72_s,3.67602,3.66905,4_+35_impulse_72_s_22.csv,3.4296527777777763,0.9915220086686928,OCV_4_+35.csv,47.978296582763406,47.10127631427185,97.99007936507932
4,35,impulse_144_s,3.66905,3.65611,4_+35_impulse_144_s_23.csv,3.4296527777777763,0.9915220086686928,OCV_4_+35.csv,47.10127631427185,45.36096003670921,97.99007936507932
4,35,impulse_288_s,3.65611,3.63295,4_+35_impulse_288_s_24.csv,3.4296527777777763,0.9915220086686928,OCV_4_+35.csv,45.36096003670921,41.89689054473817,97.99007936507932
4,35,impulse_72_s,3.63295,3.62729,4_+35_impulse_72_s_25.csv,3.4296527777777763,0.9915220086686928,OCV_4_+35.csv,41.89689054473817,41.00608932174434,97.99007936507932
4,35,impulse_144_s,3.62729,3.61251,4_+35_impulse_144_s_26.csv,3.4296527777777763,0.9915220086686928,OCV_4_+35.csv,41.00608932174434,38.71088613062161,97.99007936507932
4,35,impulse_288_s,3.61251,3.5779900000000007,4_+35_impulse_288_s_27.csv,3.4296527777777763,0.9915220086686928,OCV_4_+35.csv,38.71088613062161,34.357498397008115,97.99007936507932
4,35,UDDS,4.11974,3.97798,4_+35_UDDS_01.csv,3.4296527777777763,0.9915220086686928,OCV_4_+35.csv,96.90260459905063,78.0569812568728,97.99007936507932
4,35,UDDS,3.97798,3.78656,4_+35_UDDS_02.csv,3.4296527777777763,0.9915220086686928,OCV_4_+35.csv,78.0569812568728,59.20066684214481,97.99007936507932
4,35,UDDS,3.78656,3.63061,4_+35_UDDS_03.csv,3.4296527777777763,0.9915220086686928,OCV_4_+35.csv,59.20066684214481,41.533418375948834,97.99007936507932
4,35,NEDC,4.11258,3.9571,4_+35_NEDC_01.csv,3.4296527777777763,0.9915220086686928,OCV_4_+35.csv,96.28534364643825,76.13083874973493,97.99007936507932
4,35,NEDC,3.9571,3.74957,4_+35_NEDC_02.csv,3.4296527777777763,0.9915220086686928,OCV_4_+35.csv,76.13083874973493,55.745700960434434,97.99007936507932
4,35,NEDC,3.74957,3.59417,4_+35_NEDC_03.csv,3.4296527777777763,0.9915220086686928,OCV_4_+35.csv,55.745700960434434,36.26843771302217,97.99007936507932
4,35,WLTC,4.112700000000001,3.90224,4_+35_WLTC_01.csv,3.4296527777777763,0.9915220086686928,OCV_4_+35.csv,96.28717948717917,70.06490722929324,97.99007936507932
4,35,WLTC,3.90224,3.687710000000001,4_+35_WLTC_02.csv,3.4296527777777763,0.9915220086686928,OCV_4_+35.csv,70.06490722929324,49.35376786062998,97.99007936507932
4,35,WLTC,3.687710000000001,3.5369,4_+35_WLTC_03.csv,3.4296527777777763,0.9915220086686928,OCV_4_+35.csv,49.35376786062998,29.567467822161177,97.99007936507932
5,35,impulse_72_s,4.112539999999999,4.1053,5_+35_impulse_72_s_01.csv,3.434986824074076,0.9916899336752896,OCV_5_+35.csv,96.27491427894442,95.49543530649684,98.14248068783074
5,35,impulse_144_s,4.1053,4.09519,5_+35_impulse_144_s_02.csv,3.434986824074076,0.9916899336752896,OCV_5_+35.csv,95.49543530649684,94.10557068366683,98.14248068783074
5,35,impulse_288_s,4.09519,4.080399999999999,5_+35_impulse_288_s_03.csv,3.434986824074076,0.9916899336752896,OCV_5_+35.csv,94.10557068366683,90.93129035318792,98.14248068783074
5,35,impulse_72_s,4.080399999999999,4.07565,5_+35_impulse_72_s_04.csv,3.434986824074076,0.9916899336752896,OCV_5_+35.csv,90.93129035318792,89.63215873244212,98.14248068783074
5,35,impulse_144_s,4.07565,4.0621,5_+35_impulse_144_s_05.csv,3.434986824074076,0.9916899336752896,OCV_5_+35.csv,89.63215873244212,86.53211449457719,98.14248068783074
5,35,impulse_288_s,4.0621,4.02287,5_+35_impulse_288_s_06.csv,3.434986824074076,0.9916899336752896,OCV_5_+35.csv,86.53211449457719,82.05526568721235,98.14248068783074
5,35,impulse_72_s,4.02287,4.0118,5_+35_impulse_72_s_07.csv,3.434986824074076,0.9916899336752896,OCV_5_+35.csv,82.05526568721235,81.0468920958713,98.14248068783074
5,35,impulse_144_s,4.0118,3.98972,5_+35_impulse_144_s_08.csv,3.434986824074076,0.9916899336752896,OCV_5_+35.csv,81.0468920958713,79.08925883878933,98.14248068783074
5,35,impulse_288_s,3.98972,3.94977,5_+35_impulse_288_s_09.csv,3.434986824074076,0.9916899336752896,OCV_5_+35.csv,79.08925883878933,75.39257637510005,98.14248068783074
5,35,impulse_72_s,3.94977,3.941,5_+35_impulse_72_s_10.csv,3.434986824074076,0.9916899336752896,OCV_5_+35.csv,75.39257637510005,74.49624429390802,98.14248068783074
5,35,impulse_144_s,3.941,3.924500000000001,5_+35_impulse_144_s_11.csv,3.434986824074076,0.9916899336752896,OCV_5_+35.csv,74.49624429390802,72.7022053890682,98.14248068783074
5,35,impulse_288_s,3.924500000000001,3.8942,5_+35_impulse_288_s_12.csv,3.434986824074076,0.9916899336752896,OCV_5_+35.csv,72.7022053890682,69.04539045659757,98.14248068783074
5,35,impulse_72_s,3.8942,3.8866,5_+35_impulse_72_s_13.csv,3.434986824074076,0.9916899336752896,OCV_5_+35.csv,69.04539045659757,68.11056558664269,98.14248068783074
5,35,impulse_144_s,3.8866,3.8700799999999993,5_+35_impulse_144_s_14.csv,3.434986824074076,0.9916899336752896,OCV_5_+35.csv,68.11056558664269,66.15568181447223,98.14248068783074
5,35,impulse_288_s,3.8700799999999993,3.821800000000001,5_+35_impulse_288_s_15.csv,3.434986824074076,0.9916899336752896,OCV_5_+35.csv,66.15568181447223,61.75467296592005,98.14248068783074
5,35,impulse_72_s,3.821800000000001,3.8022,5_+35_impulse_72_s_16.csv,3.434986824074076,0.9916899336752896,OCV_5_+35.csv,61.75467296592005,60.37076556039857,98.14248068783074
5,35,impulse_144_s,3.8022,3.77801,5_+35_impulse_144_s_17.csv,3.434986824074076,0.9916899336752896,OCV_5_+35.csv,60.37076556039857,58.42000601559566,98.14248068783074
5,35,impulse_288_s,3.77801,3.7375,5_+35_impulse_288_s_18.csv,3.434986824074076,0.9916899336752896,OCV_5_+35.csv,58.42000601559566,54.52811012318054,98.14248068783074
5,35,impulse_72_s,3.7375,3.72768,5_+35_impulse_72_s_19.csv,3.434986824074076,0.9916899336752896,OCV_5_+35.csv,54.52811012318054,53.55754194937444,98.14248068783074
5,35,impulse_144_s,3.72768,3.70908,5_+35_impulse_144_s_20.csv,3.434986824074076,0.9916899336752896,OCV_5_+35.csv,53.55754194937444,51.652148905613494,98.14248068783074
5,35,impulse_288_s,3.70908,3.676729999999999,5_+35_impulse_288_s_21.csv,3.434986824074076,0.9916899336752896,OCV_5_+35.csv,51.652148905613494,48.03451413313435,98.14248068783074
5,35,impulse_72_s,3.676729999999999,3.66976,5_+35_impulse_72_s_22.csv,3.434986824074076,0.9916899336752896,OCV_5_+35.csv,48.03451413313435,47.16773901474279,98.14248068783074
5,35,impulse_144_s,3.66976,3.6568,5_+35_impulse_144_s_23.csv,3.434986824074076,0.9916899336752896,OCV_5_+35.csv,47.16773901474279,45.42731506568041,98.14248068783074
5,35,impulse_288_s,3.6568,3.63362,5_+35_impulse_288_s_24.csv,3.434986824074076,0.9916899336752896,OCV_5_+35.csv,45.42731506568041,41.97946098649527,98.14248068783074
5,35,impulse_72_s,3.63362,3.62789,5_+35_impulse_72_s_25.csv,3.434986824074076,0.9916899336752896,OCV_5_+35.csv,41.97946098649527,41.08175416284776,98.14248068783074
5,35,impulse_144_s,3.62789,3.61341,5_+35_impulse_144_s_26.csv,3.434986824074076,0.9916899336752896,OCV_5_+35.csv,41.08175416284776,38.83130076267789,98.14248068783074
5,35,impulse_288_s,3.61341,3.57901,5_+35_impulse_288_s_27.csv,3.434986824074076,0.9916899336752896,OCV_5_+35.csv,38.83130076267789,34.458245010728874,98.14248068783074
5,35,UDDS,4.11975,3.9784,5_+35_UDDS_01.csv,3.434986824074076,0.9916899336752896,OCV_5_+35.csv,96.91485689212676,78.09119581586688,98.14248068783074
5,35,UDDS,3.9784,3.7877799999999993,5_+35_UDDS_02.csv,3.434986824074076,0.9916899336752896,OCV_5_+35.csv,78.09119581586688,59.256307676217034,98.14248068783074
5,35,UDDS,3.7877799999999993,3.6312700000000007,5_+35_UDDS_03.csv,3.434986824074076,0.9916899336752896,OCV_5_+35.csv,59.256307676217034,41.61515423570425,98.14248068783074
5,35,NEDC,4.11287,3.95779,5_+35_NEDC_01.csv,3.434986824074076,0.9916899336752896,OCV_5_+35.csv,96.31134495402358,76.17892905982683,98.14248068783074
5,35,NEDC,3.95779,3.75069,5_+35_NEDC_02.csv,3.434986824074076,0.9916899336752896,OCV_5_+35.csv,76.17892905982683,55.833428084977825,98.14248068783074
5,35,NEDC,3.75069,3.59529,5_+35_NEDC_03.csv,3.434986824074076,0.9916899336752896,OCV_5_+35.csv,55.833428084977825,36.39388238851706,98.14248068783074
5,35,WLTC,4.11297,3.90308,5_+35_WLTC_01.csv,3.434986824074076,0.9916899336752896,OCV_5_+35.csv,96.31821866630261,70.14243493633879,98.14248068783074
5,35,WLTC,3.90308,3.68861,5_+35_WLTC_02.csv,3.434986824074076,0.9916899336752896,OCV_5_+35.csv,70.14243493633879,49.43537669561039,98.14248068783074
5,35,WLTC,3.68861,3.53812,5_+35_WLTC_03.csv,3.434986824074076,0.9916899336752896,OCV_5_+35.csv,49.43537669561039,29.703010856063297,98.14248068783074
